ImageNumber,Image_Metadata_GeneID,Image_Metadata_Plate,Image_Metadata_Well,Signal
1,neg,P01,B02,588
2,DBP,P01,B03,1313
3,ATM,P01,B04,1240
4,HNRNPD,P01,B05,1053
5,DR1,P01,B06,1043
6,ATF4,P01,B07,910
7,DNM2,P01,B08,1100
8,BACH1,P01,B09,915
9,Ebf1,P01,B10,1018
10,ATF3,P01,B11,1467
11,Pos,P01,C02,2122
12,ATRX,P01,C03,1121
13,DNM2,P01,C04,1110
14,ATF4,P01,C05,1074
15,DNMT1,P01,C06,1077
16,DDIT3,P01,C07,1607
17,DBP,P01,C08,989
18,ATRX,P01,C09,889
19,RERE,P01,C10,819
20,neg,P01,C11,872
21,neg,P01,D02,1428
22,DNMT1,P01,D03,1242
23,DR1,P01,D04,1071
24,ATF1,P01,D05,782
25,neg,P01,D06,947
26,BACH1,P01,D07,985
27,DDX5,P01,D08,890
28,ARNT,P01,D09,740
29,HNRNPD,P01,D10,673
30,ATP6V0A1,P01,D11,833
31,Pos,P01,E02,1925
32,DDIT3,P01,E03,1802
33,ATM,P01,E04,1096
34,Ebf1,P01,E05,1127
35,ARNT,P01,E06,867
36,DBP,P01,E07,1012
37,ATP6V0A1,P01,E08,971
38,DR1,P01,E09,798
39,DNMT1,P01,E10,978
40,ATF1,P01,E11,674
41,neg,P01,F02,1352
42,DNM2,P01,F03,1270
43,BACH1,P01,F04,1065
44,ATF3,P01,F05,1513
45,RERE,P01,F06,1076
46,ATRX,P01,F07,810
47,ATM,P01,F08,956
48,neg,P01,F09,794
49,DDX5,P01,F10,767
50,RERE,P01,F11,856
51,Pos,P01,G02,2041
52,ATF1,P01,G03,977
53,DDX5,P01,G04,1044
54,ARNT,P01,G05,869
55,ATP6V0A1,P01,G06,1028
56,HNRNPD,P01,G07,882
57,Ebf1,P01,G08,970
58,ATF4,P01,G09,753
59,ATF3,P01,G10,1262
60,DDIT3,P01,G11,1482
61,neg,P02,B02,829
62,ARID3A,P02,B03,860
63,DTX1,P02,B04,1131
64,HOXA5,P02,B05,961
65,FOSL2,P02,B06,886
66,BGLAP,P02,B07,899
67,HOXA7,P02,B08,932
68,HOXB2,P02,B09,750
69,Ebf1,P02,B10,937
70,TSC22D3,P02,B11,36
71,Pos,P02,C02,1480
72,FOS,P02,C03,920
73,HOXA7,P02,C04,684
74,BGLAP,P02,C05,963
75,HOXA9,P02,C06,723
76,BCL3,P02,C07,1430
77,ARID3A,P02,C08,793
78,FOS,P02,C09,980
79,FOXO1,P02,C10,858
80,neg,P02,C11,923
81,neg,P02,D02,743
82,HOXA9,P02,D03,902
83,FOSL2,P02,D04,919
84,BCL6,P02,D05,1195
85,neg,P02,D06,842
86,HOXB2,P02,D07,845
87,RCAN1,P02,D08,820
88,ATN1,P02,D09,636
89,HOXA5,P02,D10,669
90,FOXO3,P02,D11,941
91,Pos,P02,E02,1436
92,BCL3,P02,E03,1166
93,DTX1,P02,E04,990
94,Ebf1,P02,E05,1109
95,ATN1,P02,E06,805
96,ARID3A,P02,E07,882
97,FOXO3,P02,E08,975
98,FOSL2,P02,E09,793
99,HOXA9,P02,E10,622
100,BCL6,P02,E11,1230
101,neg,P02,F02,941
102,HOXA7,P02,F03,677
103,HOXB2,P02,F04,835
104,TSC22D3,P02,F05,822
105,FOXO1,P02,F06,778
106,FOS,P02,F07,957
107,DTX1,P02,F08,906
108,neg,P02,F09,743
109,RCAN1,P02,F10,778
110,FOXO1,P02,F11,1068
111,Pos,P02,G02,1615
112,BCL6,P02,G03,1030
113,RCAN1,P02,G04,912
114,ATN1,P02,G05,742
115,FOXO3,P02,G06,990
116,HOXA5,P02,G07,902
117,Ebf1,P02,G08,1075
118,BGLAP,P02,G09,885
119,TSC22D3,P02,G10,990
120,BCL3,P02,G11,22
121,neg,P03,B02,1084
122,BMI1,P03,B03,882
123,FUS,P03,B04,1087
124,GABPA,P03,B05,745
125,HOXC8,P03,B06,802
126,ZFP36L2,P03,B07,975
127,HOXB7,P03,B08,671
128,KLF9,P03,B09,1035
129,Ebf1,P03,B10,969
130,EGR1,P03,B11,961
131,Pos,P03,C02,1738
132,HOXC6,P03,C03,646
133,HOXB7,P03,C04,769
134,ZFP36L2,P03,C05,1080
135,HOXC5,P03,C06,1224
136,E4F1,P03,C07,716
137,BMI1,P03,C08,866
138,HOXC6,P03,C09,622
139,HOXB6,P03,C10,751
140,neg,P03,C11,833
141,neg,P03,D02,810
142,HOXC5,P03,D03,1065
143,HOXC8,P03,D04,700
144,ZFP36L1,P03,D05,1078
145,neg,P03,D06,741
146,KLF9,P03,D07,1035
147,EBF1,P03,D08,1076
148,POLR3D,P03,D09,870
149,GABPA,P03,D10,545
150,HOXC4,P03,D11,811
151,Pos,P03,E02,1594
152,E4F1,P03,E03,661
153,FUS,P03,E04,784
154,Ebf1,P03,E05,1061
155,POLR3D,P03,E06,1008
156,BMI1,P03,E07,870
157,HOXC4,P03,E08,865
158,HOXC8,P03,E09,674
159,HOXC5,P03,E10,967
160,ZFP36L1,P03,E11,1154
161,neg,P03,F02,1007
162,HOXB7,P03,F03,775
163,KLF9,P03,F04,930
164,EGR1,P03,F05,856
165,HOXB6,P03,F06,748
166,HOXC6,P03,F07,676
167,FUS,P03,F08,771
168,neg,P03,F09,648
169,EBF1,P03,F10,515
170,HOXB6,P03,F11,665
171,Pos,P03,G02,87
172,ZFP36L1,P03,G03,1161
173,EBF1,P03,G04,1043
174,POLR3D,P03,G05,885
175,HOXC4,P03,G06,833
176,GABPA,P03,G07,582
177,Ebf1,P03,G08,792
178,ZFP36L2,P03,G09,902
179,EGR1,P03,G10,650
180,E4F1,P03,G11,691
181,neg,P04,B02,97
182,BTF3,P04,B03,1682
183,GCDH,P04,B04,845
184,HOXC9,P04,B05,1227
185,CCNH,P04,B06,806
186,ELK3,P04,B07,991
187,HOXC10,P04,B08,1144
188,ENO1,P04,B09,696
189,Ebf1,P04,B10,1039
190,ELK1,P04,B11,1060
191,Pos,P04,C02,1761
192,EN1,P04,C03,985
193,HOXC10,P04,C04,889
194,ELK3,P04,C05,1004
195,NR3C1,P04,C06,874
196,BTG1,P04,C07,696
197,BTF3,P04,C08,1285
198,EN1,P04,C09,806
199,KAT2A,P04,C10,630
200,neg,P04,C11,729
201,neg,P04,D02,879
202,NR3C1,P04,D03,774
203,CCNH,P04,D04,915
204,RUNX1,P04,D05,782
205,neg,P04,D06,811
206,ENO1,P04,D07,723
207,CALR,P04,D08,770
208,ELF1,P04,D09,861
209,HOXC9,P04,D10,1002
210,GLI3,P04,D11,789
211,Pos,P04,E02,1623
212,BTG1,P04,E03,677
213,GCDH,P04,E04,772
214,Ebf1,P04,E05,894
215,ELF1,P04,E06,1104
216,BTF3,P04,E07,1230
217,GLI3,P04,E08,769
218,CCNH,P04,E09,672
219,NR3C1,P04,E10,702
220,RUNX1,P04,E11,728
221,neg,P04,F02,900
222,HOXC10,P04,F03,891
223,ENO1,P04,F04,833
224,ELK1,P04,F05,1116
225,KAT2A,P04,F06,683
226,EN1,P04,F07,810
227,GCDH,P04,F08,708
228,neg,P04,F09,517
229,CALR,P04,F10,640
230,KAT2A,P04,F11,648
231,Pos,P04,G02,1904
232,RUNX1,P04,G03,742
233,CALR,P04,G04,761
234,ELF1,P04,G05,893
235,GLI3,P04,G06,842
236,HOXC9,P04,G07,1241
237,Ebf1,P04,G08,840
238,ELK3,P04,G09,816
239,ELK1,P04,G10,974
240,BTG1,P04,G11,741
241,neg,P05,B02,73
242,CCNT1,P05,B03,1091
243,GTF2A1,P05,B04,1259
244,GTF2A2,P05,B05,841
245,GTF2F2,P05,B06,869
246,ERCC6,P05,B07,665
247,GTF2E2,P05,B08,892
248,HSF1,P05,B09,849
249,Ebf1,P05,B10,908
250,CDK7,P05,B11,1035
251,Pos,P05,C02,1462
252,HSBP1,P05,C03,838
253,GTF2E2,P05,C04,840
254,ERCC6,P05,C05,714
255,GTF2F1,P05,C06,806
256,CCNT2,P05,C07,1046
257,CCNT1,P05,C08,811
258,HSBP1,P05,C09,789
259,GTF2B,P05,C10,672
260,neg,P05,C11,839
261,neg,P05,D02,887
262,GTF2F1,P05,D03,990
263,GTF2F2,P05,D04,767
264,NR2F6,P05,D05,1035
265,neg,P05,D06,814
266,HSF1,P05,D07,902
267,EPAS1,P05,D08,857
268,EP300,P05,D09,774
269,GTF2A2,P05,D10,585
270,HES1,P05,D11,712
271,Pos,P05,E02,1477
272,CCNT2,P05,E03,857
273,GTF2A1,P05,E04,1389
274,Ebf1,P05,E05,1043
275,EP300,P05,E06,1137
276,CCNT1,P05,E07,834
277,HES1,P05,E08,562
278,GTF2F2,P05,E09,731
279,GTF2F1,P05,E10,706
280,NR2F6,P05,E11,788
281,neg,P05,F02,934
282,GTF2E2,P05,F03,716
283,HSF1,P05,F04,884
284,CDK7,P05,F05,990
285,GTF2B,P05,F06,718
286,HSBP1,P05,F07,814
287,GTF2A1,P05,F08,1139
288,neg,P05,F09,636
289,EPAS1,P05,F10,823
290,GTF2B,P05,F11,727
291,Pos,P05,G02,1654
292,NR2F6,P05,G03,976
293,EPAS1,P05,G04,938
294,EP300,P05,G05,632
295,HES1,P05,G06,794
296,GTF2A2,P05,G07,670
297,Ebf1,P05,G08,764
298,ERCC6,P05,G09,516
299,CDK7,P05,G10,806
300,CCNT2,P05,G11,1018
301,neg,P06,B02,1485
302,GTF2H1,P06,B03,1421
303,ETS1,P06,B04,1022
304,CEBPB,P06,B05,1183
305,IRF8,P06,B06,911
306,CEBPA,P06,B07,1295
307,CEBPD,P06,B08,871
308,GTF3A,P06,B09,771
309,Ebf1,P06,B10,1131
310,ESRRA,P06,B11,1250
311,Pos,P06,C02,1794
312,GTF2I,P06,C03,1011
313,CEBPD,P06,C04,797
314,CEBPA,P06,C05,1452
315,GTF2H4,P06,C06,980
316,FOXN2,P06,C07,973
317,GTF2H1,P06,C08,1263
318,GTF2I,P06,C09,1077
319,ETS2,P06,C10,979
320,neg,P06,C11,959
321,neg,P06,D02,1071
322,GTF2H4,P06,D03,1078
323,IRF8,P06,D04,979
324,CDKN2C,P06,D05,1018
325,neg,P06,D06,961
326,GTF3A,P06,D07,946
327,CDKN2B,P06,D08,974
328,GTF2H3,P06,D09,1173
329,CEBPB,P06,D10,973
330,ETV3,P06,D11,798
331,Pos,P06,E02,1974
332,FOXN2,P06,E03,844
333,ETS1,P06,E04,817
334,Ebf1,P06,E05,1120
335,GTF2H3,P06,E06,1425
336,GTF2H1,P06,E07,1151
337,ETV3,P06,E08,785
338,IRF8,P06,E09,945
339,GTF2H4,P06,E10,1062
340,CDKN2C,P06,E11,1168
341,neg,P06,F02,1249
342,CEBPD,P06,F03,845
343,GTF3A,P06,F04,907
344,ESRRA,P06,F05,1115
345,ETS2,P06,F06,1148
346,GTF2I,P06,F07,984
347,ETS1,P06,F08,691
348,neg,P06,F09,840
349,CDKN2B,P06,F10,855
350,ETS2,P06,F11,1093
351,Pos,P06,G02,2028
352,CDKN2C,P06,G03,1057
353,CDKN2B,P06,G04,1076
354,GTF2H3,P06,G05,1161
355,ETV3,P06,G06,675
356,CEBPB,P06,G07,1109
357,Ebf1,P06,G08,1028
358,CEBPA,P06,G09,1334
359,ESRRA,P06,G10,1018
360,FOXN2,P06,G11,1038
361,neg,P07,B02,813
362,ID2,P07,B03,915
363,HCLS1,P07,B04,808
364,HTT,P07,B05,826
365,FOXN3,P07,B06,1044
366,IFI16,P07,B07,1014
367,HDAC1,P07,B08,609
368,ETV6,P07,B09,778
369,Ebf1,P07,B10,979
370,HCFC1,P07,B11,1041
371,Pos,P07,C02,1546
372,CHD4,P07,C03,665
373,HDAC1,P07,C04,682
374,IFI16,P07,C05,1054
375,CEBPG,P07,C06,961
376,ID3,P07,C07,641
377,ID2,P07,C08,984
378,CHD4,P07,C09,776
379,RBPJ,P07,C10,904
380,neg,P07,C11,943
381,neg,P07,D02,907
382,CEBPG,P07,D03,962
383,FOXN3,P07,D04,1277
384,ID4,P07,D05,879
385,neg,P07,D06,959
386,ETV6,P07,D07,778
387,GTF3C2,P07,D08,942
388,GTF3C1,P07,D09,1089
389,HTT,P07,D10,658
390,IKBKB,P07,D11,732
391,Pos,P07,E02,1420
392,ID3,P07,E03,618
393,HCLS1,P07,E04,836
394,Ebf1,P07,E05,1037
395,GTF3C1,P07,E06,1241
396,ID2,P07,E07,1064
397,IKBKB,P07,E08,668
398,FOXN3,P07,E09,1178
399,CEBPG,P07,E10,1130
400,ID4,P07,E11,841
401,neg,P07,F02,1036
402,HDAC1,P07,F03,829
403,ETV6,P07,F04,943
404,HCFC1,P07,F05,970
405,RBPJ,P07,F06,1050
406,CHD4,P07,F07,878
407,HCLS1,P07,F08,864
408,neg,P07,F09,864
409,GTF3C2,P07,F10,933
410,RBPJ,P07,F11,1051
411,Pos,P07,G02,1736
412,ID4,P07,G03,794
413,GTF3C2,P07,G04,1091
414,GTF3C1,P07,G05,1296
415,IKBKB,P07,G06,691
416,HTT,P07,G07,971
417,Ebf1,P07,G08,1069
418,IFI16,P07,G09,968
419,HCFC1,P07,G10,845
420,ID3,P07,G11,848
421,neg,P08,B02,1269
422,ERCC8,P08,B03,1279
423,CREBL2,P08,B04,1208
424,HDAC2,P08,B05,1019
425,UBE2K,P08,B06,1188
426,BPTF,P08,B07,919
427,ILF2,P08,B08,958
428,IRF1,P08,B09,896
429,Ebf1,P08,B10,1113
430,CREBBP,P08,B11,964
431,Pos,P08,C02,2012
432,ING1,P08,C03,1132
433,ILF2,P08,C04,1194
434,BPTF,P08,C05,1108
435,HIF1A,P08,C06,1014
436,CREB1,P08,C07,661
437,ERCC8,P08,C08,978
438,ING1,P08,C09,757
439,FOXK2,P08,C10,807
440,neg,P08,C11,895
441,neg,P08,D02,1231
442,HIF1A,P08,D03,1343
443,UBE2K,P08,D04,1640
444,FABP4,P08,D05,1143
445,neg,P08,D06,919
446,IRF1,P08,D07,962
447,ATF2,P08,D08,853
448,KLF6,P08,D09,837
449,HDAC2,P08,D10,572
450,ILF3,P08,D11,837
451,Pos,P08,E02,1972
452,CREB1,P08,E03,1377
453,CREBL2,P08,E04,1219
454,Ebf1,P08,E05,1331
455,KLF6,P08,E06,938
456,ERCC8,P08,E07,932
457,ILF3,P08,E08,853
458,UBE2K,P08,E09,1078
459,HIF1A,P08,E10,872
460,FABP4,P08,E11,898
461,neg,P08,F02,1418
462,ILF2,P08,F03,1286
463,IRF1,P08,F04,1185
464,CREBBP,P08,F05,1149
465,FOXK2,P08,F06,896
466,ING1,P08,F07,720
467,CREBL2,P08,F08,758
468,neg,P08,F09,786
469,ATF2,P08,F10,730
470,FOXK2,P08,F11,767
471,Pos,P08,G02,2160
472,FABP4,P08,G03,1434
473,ATF2,P08,G04,1270
474,KLF6,P08,G05,985
475,ILF3,P08,G06,956
476,HDAC2,P08,G07,849
477,Ebf1,P08,G08,985
478,BPTF,P08,G09,743
479,CREBBP,P08,G10,732
480,CREB1,P08,G11,1087
481,neg,P09,B02,1351
482,IRF2,P09,B03,1158
483,MBD1,P09,B04,1206
484,MDM2,P09,B05,749
485,SREBF2,P09,B06,805
486,MAZ,P09,B07,759
487,PSMD9,P09,B08,688
488,SRF,P09,B09,854
489,Ebf1,P09,B10,1068
490,MAX,P09,B11,1125
491,Pos,P09,C02,1837
492,PTGER3,P09,C03,886
493,PSMD9,P09,C04,705
494,MAZ,P09,C05,1173
495,SREBF1,P09,C06,870
496,NME2,P09,C07,1055
497,IRF2,P09,C08,1079
498,PTGER3,P09,C09,830
499,NPAS2,P09,C10,848
500,neg,P09,C11,825
501,neg,P09,D02,1043
502,SREBF1,P09,D03,893
503,SREBF2,P09,D04,824
504,CNOT2,P09,D05,757
505,neg,P09,D06,910
506,SRF,P09,D07,905
507,MAF,P09,D08,804
508,SMAD6,P09,D09,996
509,MDM2,P09,D10,558
510,PSMD10,P09,D11,951
511,Pos,P09,E02,1686
512,NME2,P09,E03,891
513,MBD1,P09,E04,1127
514,Ebf1,P09,E05,1152
515,SMAD6,P09,E06,924
516,IRF2,P09,E07,1192
517,PSMD10,P09,E08,1141
518,SREBF2,P09,E09,820
519,SREBF1,P09,E10,747
520,CNOT2,P09,E11,711
521,neg,P09,F02,1073
522,PSMD9,P09,F03,801
523,SRF,P09,F04,1058
524,MAX,P09,F05,758
525,NPAS2,P09,F06,871
526,PTGER3,P09,F07,917
527,MBD1,P09,F08,1060
528,neg,P09,F09,925
529,MAF,P09,F10,768
530,NPAS2,P09,F11,796
531,Pos,P09,G02,1992
532,CNOT2,P09,G03,764
533,MAF,P09,G04,779
534,SMAD6,P09,G05,1039
535,PSMD10,P09,G06,916
536,MDM2,P09,G07,656
537,Ebf1,P09,G08,982
538,MAZ,P09,G09,962
539,MAX,P09,G10,903
540,NME2,P09,G11,952
541,neg,P10,B02,1126
542,PTMA,P10,B03,1295
543,NPM1,P10,B04,1036
544,MEF2A,P10,B05,873
545,PA2G4,P10,B06,918
546,MECP2,P10,B07,847
547,MEF2C,P10,B08,755
548,RB1,P10,B09,802
549,Ebf1,P10,B10,983
550,STAT3,P10,B11,1014
551,Pos,P10,C02,1564
552,MEN1,P10,C03,866
553,MEF2C,P10,C04,775
554,MECP2,P10,C05,1009
555,MEIS1,P10,C06,548
556,RARA,P10,C07,848
557,PTMA,P10,C08,940
558,MEN1,P10,C09,917
559,MEF2BNB-MEF2B,P10,C10,1041
560,neg,P10,C11,878
561,neg,P10,D02,856
562,MEIS1,P10,D03,746
563,PA2G4,P10,D04,899
564,STAT2,P10,D05,705
565,neg,P10,D06,894
566,RB1,P10,D07,921
567,STAT1,P10,D08,953
568,PURA,P10,D09,952
569,MEF2A,P10,D10,741
570,YBX1,P10,D11,921
571,Pos,P10,E02,1384
572,RARA,P10,E03,840
573,NPM1,P10,E04,938
574,Ebf1,P10,E05,1058
575,PURA,P10,E06,1270
576,PTMA,P10,E07,1064
577,YBX1,P10,E08,816
578,PA2G4,P10,E09,892
579,MEIS1,P10,E10,868
580,STAT2,P10,E11,753
581,neg,P10,F02,989
582,MEF2C,P10,F03,737
583,RB1,P10,F04,1059
584,STAT3,P10,F05,880
585,MEF2BNB-MEF2B,P10,F06,1086
586,MEN1,P10,F07,903
587,NPM1,P10,F08,986
588,neg,P10,F09,751
589,STAT1,P10,F10,869
590,MEF2BNB-MEF2B,P10,F11,1042
591,Pos,P10,G02,1561
592,STAT2,P10,G03,576
593,STAT1,P10,G04,1047
594,PURA,P10,G05,1127
595,YBX1,P10,G06,811
596,MEF2A,P10,G07,780
597,Ebf1,P10,G08,916
598,MECP2,P10,G09,878
599,STAT3,P10,G10,900
600,RARA,P10,G11,993
601,neg,P11,B02,1123
602,STAT5A,P11,B03,1068
603,SUPT5H,P11,B04,890
604,RELB,P11,B05,1019
605,MITF,P11,B06,912
606,RELA,P11,B07,674
607,REST,P11,B08,935
608,MLL,P11,B09,834
609,Ebf1,P11,B10,870
610,SUPT4H1,P11,B11,1004
611,Pos,P11,C02,1452
612,TAF1,P11,C03,751
613,REST,P11,C04,780
614,RELA,P11,C05,636
615,TRIM27,P11,C06,917
616,STAT5B,P11,C07,731
617,STAT5A,P11,C08,941
618,TAF1,P11,C09,790
619,SUPT6H,P11,C10,1568
620,neg,P11,C11,849
621,neg,P11,D02,874
622,TRIM27,P11,D03,784
623,MITF,P11,D04,841
624,STAT6,P11,D05,702
625,neg,P11,D06,841
626,MLL,P11,D07,889
627,RBBP7,P11,D08,773
628,KDM5A,P11,D09,878
629,RELB,P11,D10,712
630,RFC1,P11,D11,939
631,Pos,P11,E02,1602
632,STAT5B,P11,E03,680
633,SUPT5H,P11,E04,971
634,Ebf1,P11,E05,887
635,KDM5A,P11,E06,1144
636,STAT5A,P11,E07,660
637,RFC1,P11,E08,944
638,MITF,P11,E09,704
639,TRIM27,P11,E10,910
640,STAT6,P11,E11,799
641,neg,P11,F02,1010
642,REST,P11,F03,962
643,MLL,P11,F04,970
644,SUPT4H1,P11,F05,1128
645,SUPT6H,P11,F06,2010
646,TAF1,P11,F07,782
647,SUPT5H,P11,F08,1073
648,neg,P11,F09,761
649,RBBP7,P11,F10,753
650,SUPT6H,P11,F11,2102
651,Pos,P11,G02,1802
652,STAT6,P11,G03,740
653,RBBP7,P11,G04,915
654,KDM5A,P11,G05,1038
655,RFC1,P11,G06,1073
656,RELB,P11,G07,948
657,Ebf1,P11,G08,1083
658,RELA,P11,G09,695
659,SUPT4H1,P11,G10,1073
660,STAT5B,P11,G11,867
661,neg,P12,B02,1148
662,MLLT1,P12,B03,1374
663,RING1,P12,B04,1014
664,TAF7,P12,B05,869
665,TAF12,P12,B06,866
666,RFX2,P12,B07,1091
667,TAF10,P12,B08,945
668,RNF4,P12,B09,735
669,Ebf1,P12,B10,937
670,TAF2,P12,B11,844
671,Pos,P12,C02,1475
672,BRD2,P12,C03,866
673,TAF10,P12,C04,802
674,RFX2,P12,C05,1242
675,TAF11,P12,C06,789
676,MLLT6,P12,C07,1058
677,MLLT1,P12,C08,1473
678,BRD2,P12,C09,745
679,RLF,P12,C10,804
680,neg,P12,C11,772
681,neg,P12,D02,890
682,TAF11,P12,D03,819
683,TAF12,P12,D04,778
684,PBX1,P12,D05,668
685,neg,P12,D06,825
686,RNF4,P12,D07,887
687,MNT,P12,D08,892
688,AFF1,P12,D09,820
689,TAF7,P12,D10,783
690,RNF2,P12,D11,682
691,Pos,P12,E02,1480
692,MLLT6,P12,E03,919
693,RING1,P12,E04,1080
694,Ebf1,P12,E05,989
695,AFF1,P12,E06,971
696,MLLT1,P12,E07,1056
697,RNF2,P12,E08,732
698,TAF12,P12,E09,781
699,TAF11,P12,E10,809
700,PBX1,P12,E11,689
701,neg,P12,F02,963
702,TAF10,P12,F03,904
703,RNF4,P12,F04,817
704,TAF2,P12,F05,792
705,RLF,P12,F06,785
706,BRD2,P12,F07,812
707,RING1,P12,F08,880
708,neg,P12,F09,781
709,MNT,P12,F10,772
710,RLF,P12,F11,681
711,Pos,P12,G02,1891
712,PBX1,P12,G03,816
713,MNT,P12,G04,1055
714,AFF1,P12,G05,984
715,RNF2,P12,G06,804
716,TAF7,P12,G07,826
717,Ebf1,P12,G08,833
718,RFX2,P12,G09,1085
719,TAF2,P12,G10,801
720,MLLT6,P12,G11,1041
721,neg,P13,B02,1062
722,TAF13,P13,B03,838
723,MXI1,P13,B04,940
724,PHB,P13,B05,997
725,RREB1,P13,B06,923
726,PFDN5,P13,B07,757
727,MYC,P13,B08,540
728,RXRA,P13,B09,1099
729,Ebf1,P13,B10,750
730,PFDN1,P13,B11,889
731,Pos,P13,C02,1505
732,TBX2,P13,C03,971
733,MYC,P13,C04,826
734,PFDN5,P13,C05,1014
735,TBP,P13,C06,706
736,PBX2,P13,C07,612
737,TAF13,P13,C08,764
738,TBX2,P13,C09,771
739,PHF1,P13,C10,834
740,neg,P13,C11,814
741,neg,P13,D02,806
742,TBP,P13,D03,892
743,RREB1,P13,D04,969
744,PCBD1,P13,D05,772
745,neg,P13,D06,725
746,RXRA,P13,D07,1140
747,MSX1,P13,D08,604
748,CITED1,P13,D09,679
749,PHB,P13,D10,754
750,RNF6,P13,D11,814
751,Pos,P13,E02,1317
752,PBX2,P13,E03,711
753,MXI1,P13,E04,895
754,Ebf1,P13,E05,1004
755,CITED1,P13,E06,876
756,TAF13,P13,E07,808
757,RNF6,P13,E08,784
758,RREB1,P13,E09,923
759,TBP,P13,E10,732
760,PCBD1,P13,E11,929
761,neg,P13,F02,1025
762,MYC,P13,F03,685
763,RXRA,P13,F04,1174
764,PFDN1,P13,F05,937
765,PHF1,P13,F06,947
766,TBX2,P13,F07,927
767,MXI1,P13,F08,896
768,neg,P13,F09,699
769,MSX1,P13,F10,693
770,PHF1,P13,F11,939
771,Pos,P13,G02,1850
772,PCBD1,P13,G03,987
773,MSX1,P13,G04,843
774,CITED1,P13,G05,809
775,RNF6,P13,G06,799
776,PHB,P13,G07,854
777,Ebf1,P13,G08,834
778,PFDN5,P13,G09,872
779,PFDN1,P13,G10,939
780,PBX2,P13,G11,1063
781,neg,P14,B02,708
782,RXRB,P14,B03,797
783,PRRX1,P14,B04,619
784,POLR2I,P14,B05,1161
785,TCF4,P14,B06,685
786,PML,P14,B07,681
787,SCML1,P14,B08,602
788,TBX3,P14,B09,849
789,Ebf1,P14,B10,796
790,PLRG1,P14,B11,1459
791,Pos,P14,C02,1309
792,TCEB3,P14,C03,726
793,SCML1,P14,C04,636
794,PML,P14,C05,684
795,SRSF2,P14,C06,840
796,TCEA2,P14,C07,696
797,RXRB,P14,C08,746
798,TCEB3,P14,C09,670
799,TCEB1,P14,C10,672
800,neg,P14,C11,939
801,neg,P14,D02,706
802,SRSF2,P14,D03,927
803,TCF4,P14,D04,670
804,PLAGL1,P14,D05,705
805,neg,P14,D06,658
806,TBX3,P14,D07,886
807,TCEA3,P14,D08,554
808,TCEA1,P14,D09,578
809,POLR2I,P14,D10,888
810,TCEB2,P14,D11,902
811,Pos,P14,E02,1304
812,TCEA2,P14,E03,791
813,PRRX1,P14,E04,725
814,Ebf1,P14,E05,862
815,TCEA1,P14,E06,890
816,RXRB,P14,E07,691
817,TCEB2,P14,E08,646
818,TCF4,P14,E09,628
819,SRSF2,P14,E10,845
820,PLAGL1,P14,E11,737
821,neg,P14,F02,772
822,SCML1,P14,F03,719
823,TBX3,P14,F04,945
824,PLRG1,P14,F05,1251
825,TCEB1,P14,F06,779
826,TCEB3,P14,F07,715
827,PRRX1,P14,F08,725
828,neg,P14,F09,708
829,TCEA3,P14,F10,553
830,TCEB1,P14,F11,842
831,Pos,P14,G02,1758
832,PLAGL1,P14,G03,752
833,TCEA3,P14,G04,672
834,TCEA1,P14,G05,899
835,TCEB2,P14,G06,867
836,POLR2I,P14,G07,1297
837,Ebf1,P14,G08,898
838,PML,P14,G09,791
839,PLRG1,P14,G10,1265
840,TCEA2,P14,G11,1200
841,neg,P15,B02,819
842,SIAH2,P15,B03,528
843,SKP1,P15,B04,884
844,SMARCA1,P15,B05,574
845,SMARCC2,P15,B06,474
846,NFATC3,P15,B07,763
847,SMARCA2,P15,B08,727
848,SMARCD1,P15,B09,772
849,Ebf1,P15,B10,857
850,NFIA,P15,B11,803
851,Pos,P15,C02,1232
852,SMARCC1,P15,C03,717
853,SMARCA2,P15,C04,616
854,NFATC3,P15,C05,454
855,SMARCA4,P15,C06,553
856,SIX1,P15,C07,773
857,SIAH2,P15,C08,489
858,SMARCC1,P15,C09,615
859,TCF12,P15,C10,679
860,neg,P15,C11,674
861,neg,P15,D02,597
862,SMARCA4,P15,D03,675
863,SMARCC2,P15,D04,914
864,NACA,P15,D05,657
865,neg,P15,D06,658
866,SMARCD1,P15,D07,742
867,TCF7L2,P15,D08,742
868,TCF3,P15,D09,769
869,SMARCA1,P15,D10,455
870,HLTF,P15,D11,606
871,Pos,P15,E02,1233
872,SIX1,P15,E03,900
873,SKP1,P15,E04,832
874,Ebf1,P15,E05,735
875,TCF3,P15,E06,597
876,SIAH2,P15,E07,583
877,HLTF,P15,E08,564
878,SMARCC2,P15,E09,896
879,SMARCA4,P15,E10,658
880,NACA,P15,E11,757
881,neg,P15,F02,813
882,SMARCA2,P15,F03,824
883,SMARCD1,P15,F04,785
884,NFIA,P15,F05,670
885,TCF12,P15,F06,737
886,SMARCC1,P15,F07,623
887,SKP1,P15,F08,786
888,neg,P15,F09,679
889,TCF7L2,P15,F10,743
890,TCF12,P15,F11,765
891,Pos,P15,G02,1445
892,NACA,P15,G03,766
893,TCF7L2,P15,G04,918
894,TCF3,P15,G05,919
895,HLTF,P15,G06,808
896,SMARCA1,P15,G07,576
897,Ebf1,P15,G08,742
898,NFATC3,P15,G09,697
899,NFIA,P15,G10,684
900,SIX1,P15,G11,1065
901,neg,P16,B02,1855
902,VPS72,P16,B03,1773
903,PPARG,P16,B04,1817
904,NFIL3,P16,B05,2368
905,PSMC5,P16,B06,1643
906,NFIC,P16,B07,1468
907,NFKB1,P16,B08,1871
908,SMARCD3,P16,B09,2940
909,Ebf1,P16,B10,1766
910,NFIB,P16,B11,1706
911,Pos,P16,C02,2459
912,NFKBIB,P16,C03,1254
913,NFKB1,P16,C04,1525
914,NFIC,P16,C05,1548
915,PSMC3,P16,C06,957
916,MLX,P16,C07,1763
917,VPS72,P16,C08,1317
918,NFKBIB,P16,C09,1239
919,NFIX,P16,C10,1600
920,neg,P16,C11,1533
921,neg,P16,D02,1923
922,PSMC3,P16,D03,1109
923,PSMC5,P16,D04,1718
924,NFE2L2,P16,D05,1678
925,neg,P16,D06,1408
926,SMARCD3,P16,D07,2047
927,NFE2L1,P16,D08,1238
928,SMARCD2,P16,D09,1319
929,NFIL3,P16,D10,1629
930,NFKB2,P16,D11,1926
931,Pos,P16,E02,3036
932,MLX,P16,E03,1823
933,PPARG,P16,E04,1816
934,Ebf1,P16,E05,1861
935,SMARCD2,P16,E06,1597
936,VPS72,P16,E07,1385
937,NFKB2,P16,E08,1997
938,PSMC5,P16,E09,1618
939,PSMC3,P16,E10,1339
940,NFE2L2,P16,E11,2365
941,neg,P16,F02,1343
942,NFKB1,P16,F03,1537
943,SMARCD3,P16,F04,2223
944,NFIB,P16,F05,1458
945,NFIX,P16,F06,1271
946,NFKBIB,P16,F07,1309
947,PPARG,P16,F08,1653
948,neg,P16,F09,1446
949,NFE2L1,P16,F10,1833
950,NFIX,P16,F11,1788
951,Pos,P16,G02,2555
952,NFE2L2,P16,G03,1659
953,NFE2L1,P16,G04,1743
954,SMARCD2,P16,G05,1703
955,NFKB2,P16,G06,1722
956,NFIL3,P16,G07,1796
957,Ebf1,P16,G08,1897
958,NFIC,P16,G09,1556
959,NFIB,P16,G10,1335
960,MLX,P16,G11,1850
961,neg,P17,B02,1953
962,TDG,P17,B03,1338
963,SOX4,P17,B04,1479
964,SOX5,P17,B05,2073
965,TSG101,P17,B06,1779
966,TFAM,P17,B07,1678
967,NR2C2,P17,B08,1892
968,ZNF207,P17,B09,1958
969,Ebf1,P17,B10,1877
970,TEF,P17,B11,1595
971,Pos,P17,C02,3094
972,TRPS1,P17,C03,1845
973,NR2C2,P17,C04,1470
974,TFAM,P17,C05,1249
975,ZNF192,P17,C06,1276
976,TEAD1,P17,C07,1271
977,TDG,P17,C08,1242
978,TRPS1,P17,C09,1679
979,NR2C1,P17,C10,1238
980,neg,P17,C11,1755
981,neg,P17,D02,1801
982,ZNF192,P17,D03,1409
983,TSG101,P17,D04,1496
984,TEAD3,P17,D05,1338
985,neg,P17,D06,1237
986,ZNF207,P17,D07,1365
987,SNAPC2,P17,D08,1180
988,SMARCE1,P17,D09,1221
989,SOX5,P17,D10,1619
990,ZNF189,P17,D11,998
991,Pos,P17,E02,3118
992,TEAD1,P17,E03,1734
993,SOX4,P17,E04,1412
994,Ebf1,P17,E05,1675
995,SMARCE1,P17,E06,1208
996,TDG,P17,E07,1041
997,ZNF189,P17,E08,1090
998,TSG101,P17,E09,1873
999,ZNF192,P17,E10,1808
1000,TEAD3,P17,E11,1575
1001,neg,P17,F02,1825
1002,NR2C2,P17,F03,1478
1003,ZNF207,P17,F04,1610
1004,TEF,P17,F05,1264
1005,NR2C1,P17,F06,1345
1006,TRPS1,P17,F07,1401
1007,SOX4,P17,F08,1338
1008,neg,P17,F09,1621
1009,SNAPC2,P17,F10,1444
1010,NR2C1,P17,F11,1193
1011,Pos,P17,G02,2832
1012,TEAD3,P17,G03,1419
1013,SNAPC2,P17,G04,1501
1014,SMARCE1,P17,G05,1518
1015,ZNF189,P17,G06,1008
1016,SOX5,P17,G07,1641
1017,Ebf1,P17,G08,1643
1018,TFAM,P17,G09,1436
1019,TEF,P17,G10,1556
1020,TEAD1,P17,G11,1595
1021,neg,P18,B02,1918
1022,TUB,P18,B03,1497
1023,NCOR2,P18,B04,1373
1024,TSC22D1,P18,B05,1259
1025,TWIST1,P18,B06,1725
1026,NCOR1,P18,B07,1896
1027,KAT2B,P18,B08,1299
1028,ZNF226,P18,B09,1348
1029,Ebf1,P18,B10,1688
1030,SAP30,P18,B11,1745
1031,Pos,P18,C02,2353
1032,HIRA,P18,C03,1389
1033,KAT2B,P18,C04,1136
1034,NCOR1,P18,C05,1343
1035,LDB1,P18,C06,958
1036,CREG1,P18,C07,1110
1037,TUB,P18,C08,1345
1038,HIRA,P18,C09,1067
1039,KDM4A,P18,C10,1351
1040,neg,P18,C11,1536
1041,neg,P18,D02,1428
1042,LDB1,P18,D03,1157
1043,TWIST1,P18,D04,1634
1044,RNF14,P18,D05,1254
1045,neg,P18,D06,1172
1046,ZNF226,P18,D07,1096
1047,TRIM24,P18,D08,1440
1048,EED,P18,D09,1177
1049,TSC22D1,P18,D10,1050
1050,BZW1,P18,D11,1622
1051,Pos,P18,E02,3533
1052,CREG1,P18,E03,1547
1053,NCOR2,P18,E04,1992
1054,Ebf1,P18,E05,1479
1055,EED,P18,E06,1239
1056,TUB,P18,E07,1302
1057,BZW1,P18,E08,1507
1058,TWIST1,P18,E09,1455
1059,LDB1,P18,E10,1593
1060,RNF14,P18,E11,1823
1061,neg,P18,F02,1479
1062,KAT2B,P18,F03,1339
1063,ZNF226,P18,F04,1379
1064,SAP30,P18,F05,1274
1065,KDM4A,P18,F06,1466
1066,HIRA,P18,F07,1205
1067,NCOR2,P18,F08,1596
1068,neg,P18,F09,1529
1069,TRIM24,P18,F10,1313
1070,KDM4A,P18,F11,1780
1071,Pos,P18,G02,2872
1072,RNF14,P18,G03,1397
1073,TRIM24,P18,G04,1465
1074,EED,P18,G05,1299
1075,BZW1,P18,G06,1655
1076,TSC22D1,P18,G07,1126
1077,Ebf1,P18,G08,1535
1078,NCOR1,P18,G09,1664
1079,SAP30,P18,G10,1607
1080,CREG1,P18,G11,1358
1081,neg,P19,B02,1806
1082,UBA52,P19,B03,1382
1083,UGP2,P19,B04,1704
1084,NR1H2,P19,B05,1579
1085,BCL10,P19,B06,1432
1086,BTG2,P19,B07,1524
1087,SQSTM1,P19,B08,1363
1088,SERTAD2,P19,B09,1249
1089,Ebf1,P19,B10,1600
1090,UBTF,P19,B11,1458
1091,Pos,P19,C02,2601
1092,BCLAF1,P19,C03,1428
1093,SQSTM1,P19,C04,1011
1094,BTG2,P19,C05,1065
1095,BUD31,P19,C06,778
1096,UBE2V1,P19,C07,1168
1097,UBA52,P19,C08,1111
1098,BCLAF1,P19,C09,1192
1099,DEK,P19,C10,1276
1100,neg,P19,C11,1259
1101,neg,P19,D02,1511
1102,BUD31,P19,D03,1121
1103,BCL10,P19,D04,1470
1104,PRDM2,P19,D05,1040
1105,neg,P19,D06,1101
1106,SERTAD2,P19,D07,1247
1107,UBP1,P19,D08,920
1108,UBB,P19,D09,5934
1109,NR1H2,P19,D10,1226
1110,FUBP1,P19,D11,1465
1111,Pos,P19,E02,2689
1112,UBE2V1,P19,E03,1211
1113,UGP2,P19,E04,1296
1114,Ebf1,P19,E05,1535
1115,UBB,P19,E06,6992
1116,UBA52,P19,E07,1065
1117,FUBP1,P19,E08,1473
1118,BCL10,P19,E09,1292
1119,BUD31,P19,E10,995
1120,PRDM2,P19,E11,1464
1121,neg,P19,F02,1500
1122,SQSTM1,P19,F03,1375
1123,SERTAD2,P19,F04,1569
1124,UBTF,P19,F05,1283
1125,DEK,P19,F06,1488
1126,BCLAF1,P19,F07,1293
1127,UGP2,P19,F08,1211
1128,neg,P19,F09,1275
1129,UBP1,P19,F10,1118
1130,DEK,P19,F11,1476
1131,Pos,P19,G02,2903
1132,PRDM2,P19,G03,1244
1133,UBP1,P19,G04,1173
1134,UBB,P19,G05,6147
1135,FUBP1,P19,G06,1462
1136,NR1H2,P19,G07,1179
1137,Ebf1,P19,G08,1314
1138,BTG2,P19,G09,1371
1139,UBTF,P19,G10,1454
1140,UBE2V1,P19,G11,1195
1141,neg,P20,B02,1787
1142,KEAP1,P20,B03,1179
1143,TAF1B,P20,B04,1231
1144,USF1,P20,B05,1384
1145,FOSL1,P20,B06,1260
1146,TRANK1,P20,B07,1057
1147,XBP1,P20,B08,1197
1148,SF1,P20,B09,1384
1149,Ebf1,P20,B10,1386
1150,TAF1C,P20,B11,1422
1151,Pos,P20,C02,2582
1152,YWHAH,P20,C03,1357
1153,XBP1,P20,C04,1005
1154,TRANK1,P20,C05,1015
1155,NCOA4,P20,C06,935
1156,ZEB2,P20,C07,1071
1157,KEAP1,P20,C08,959
1158,YWHAH,P20,C09,1096
1159,USF2,P20,C10,1428
1160,neg,P20,C11,1337
1161,neg,P20,D02,1445
1162,NCOA4,P20,D03,1274
1163,FOSL1,P20,D04,1036
1164,MED24,P20,D05,995
1165,neg,P20,D06,981
1166,SF1,P20,D07,1291
1167,FUBP3,P20,D08,1138
1168,MBD2,P20,D09,913
1169,USF1,P20,D10,970
1170,YY1,P20,D11,1299
1171,Pos,P20,E02,2529
1172,ZEB2,P20,E03,1394
1173,TAF1B,P20,E04,1123
1174,Ebf1,P20,E05,1283
1175,MBD2,P20,E06,1030
1176,KEAP1,P20,E07,964
1177,YY1,P20,E08,1152
1178,FOSL1,P20,E09,985
1179,NCOA4,P20,E10,1244
1180,MED24,P20,E11,1580
1181,neg,P20,F02,1431
1182,XBP1,P20,F03,1172
1183,SF1,P20,F04,1389
1184,TAF1C,P20,F05,1207
1185,USF2,P20,F06,1288
1186,YWHAH,P20,F07,1102
1187,TAF1B,P20,F08,1110
1188,neg,P20,F09,1297
1189,FUBP3,P20,F10,1223
1190,USF2,P20,F11,1326
1191,Pos,P20,G02,2312
1192,MED24,P20,G03,1273
1193,FUBP3,P20,G04,1531
1194,MBD2,P20,G05,1133
1195,YY1,P20,G06,1248
1196,USF1,P20,G07,1264
1197,Ebf1,P20,G08,1277
1198,TRANK1,P20,G09,980
1199,TAF1C,P20,G10,1195
1200,ZEB2,P20,G11,1375
1201,neg,P21,B02,1425
1202,THRAP3,P21,B03,1370
1203,PIAS2,P21,B04,1496
1204,DMTF1,P21,B05,1207
1205,TAF15,P21,B06,1066
1206,NR1D2,P21,B07,1363
1207,MED6,P21,B08,1163
1208,ELL,P21,B09,1771
1209,Ebf1,P21,B10,1427
1210,AIP,P21,B11,1241
1211,Pos,P21,C02,2391
1212,ZFX,P21,C03,1216
1213,MED6,P21,C04,1165
1214,NR1D2,P21,C05,1117
1215,YEATS4,P21,C06,977
1216,BAZ1B,P21,C07,1220
1217,THRAP3,P21,C08,1056
1218,ZFX,P21,C09,1372
1219,ASH2L,P21,C10,1265
1220,neg,P21,C11,1294
1221,neg,P21,D02,1400
1222,YEATS4,P21,D03,1079
1223,TAF15,P21,D04,1068
1224,BTAF1,P21,D05,1107
1225,neg,P21,D06,943
1226,ELL,P21,D07,1065
1227,UBA3,P21,D08,937
1228,MED12,P21,D09,1031
1229,DMTF1,P21,D10,1121
1230,ZFP36,P21,D11,1040
1231,Pos,P21,E02,2930
1232,BAZ1B,P21,E03,1339
1233,PIAS2,P21,E04,1223
1234,Ebf1,P21,E05,1320
1235,MED12,P21,E06,1066
1236,THRAP3,P21,E07,1043
1237,ZFP36,P21,E08,1113
1238,TAF15,P21,E09,990
1239,YEATS4,P21,E10,1443
1240,BTAF1,P21,E11,1361
1241,neg,P21,F02,1373
1242,MED6,P21,F03,1265
1243,ELL,P21,F04,1662
1244,AIP,P21,F05,1043
1245,ASH2L,P21,F06,1163
1246,ZFX,P21,F07,1301
1247,PIAS2,P21,F08,1355
1248,neg,P21,F09,1029
1249,UBA3,P21,F10,1184
1250,ASH2L,P21,F11,1166
1251,Pos,P21,G02,2283
1252,BTAF1,P21,G03,1223
1253,UBA3,P21,G04,1503
1254,MED12,P21,G05,1078
1255,ZFP36,P21,G06,1187
1256,DMTF1,P21,G07,1195
1257,Ebf1,P21,G08,1246
1258,NR1D2,P21,G09,1194
1259,AIP,P21,G10,1051
1260,BAZ1B,P21,G11,1440
1261,neg,P22,B02,1655
1262,NCOA3,P22,B03,1337
1263,TBX19,P22,B04,1314
1264,SRA1,P22,B05,1010
1265,PDLIM1,P22,B06,1240
1266,TRRAP,P22,B07,1314
1267,NMI,P22,B08,1341
1268,DNAJB6,P22,B09,1425
1269,Ebf1,P22,B10,1609
1270,ARID1A,P22,B11,1471
1271,Pos,P22,C02,2562
1272,MED16,P22,C03,697
1273,NMI,P22,C04,1096
1274,TRRAP,P22,C05,948
1275,MTA1,P22,C06,1273
1276,NRIP1,P22,C07,1105
1277,NCOA3,P22,C08,902
1278,MED16,P22,C09,1001
1279,HDAC6,P22,C10,1217
1280,neg,P22,C11,1148
1281,neg,P22,D02,1483
1282,MTA1,P22,D03,1658
1283,PDLIM1,P22,D04,1133
1284,LZTR1,P22,D05,959
1285,neg,P22,D06,1050
1286,DNAJB6,P22,D07,888
1287,CNBP,P22,D08,959
1288,ZNF3,P22,D09,1135
1289,SRA1,P22,D10,977
1290,HDAC5,P22,D11,1449
1291,Pos,P22,E02,2235
1292,NRIP1,P22,E03,1271
1293,TBX19,P22,E04,1133
1294,Ebf1,P22,E05,1483
1295,ZNF3,P22,E06,1025
1296,NCOA3,P22,E07,1275
1297,HDAC5,P22,E08,1053
1298,PDLIM1,P22,E09,1143
1299,MTA1,P22,E10,1465
1300,LZTR1,P22,E11,1633
1301,neg,P22,F02,1447
1302,NMI,P22,F03,1336
1303,DNAJB6,P22,F04,1096
1304,ARID1A,P22,F05,1103
1305,HDAC6,P22,F06,1078
1306,MED16,P22,F07,1196
1307,TBX19,P22,F08,1063
1308,neg,P22,F09,1049
1309,CNBP,P22,F10,1091
1310,HDAC6,P22,F11,1202
1311,Pos,P22,G02,2314
1312,LZTR1,P22,G03,1063
1313,CNBP,P22,G04,1194
1314,ZNF3,P22,G05,1110
1315,HDAC5,P22,G06,1346
1316,SRA1,P22,G07,1056
1317,Ebf1,P22,G08,1449
1318,TRRAP,P22,G09,1408
1319,ARID1A,P22,G10,1469
1320,NRIP1,P22,G11,1569
1321,neg,P23,B02,1737
1322,CBFA2T2,P23,B03,1442
1323,TSFM,P23,B04,1261
1324,PREB,P23,B05,1831
1325,MSC,P23,B06,1086
1326,MTA2,P23,B07,1312
1327,ZNF282,P23,B08,1394
1328,HIPK3,P23,B09,1040
1329,Ebf1,P23,B10,1637
1330,PQBP1,P23,B11,1949
1331,Pos,P23,C02,2811
1332,TEAD2,P23,C03,1922
1333,ZNF282,P23,C04,766
1334,MTA2,P23,C05,877
1335,KLF11,P23,C06,944
1336,DYRK1B,P23,C07,1001
1337,CBFA2T2,P23,C08,1303
1338,TEAD2,P23,C09,1731
1339,ZNF24,P23,C10,960
1340,neg,P23,C11,1908
1341,neg,P23,D02,1174
1342,KLF11,P23,D03,1230
1343,MSC,P23,D04,1085
1344,LRRFIP1,P23,D05,1043
1345,neg,P23,D06,1214
1346,HIPK3,P23,D07,994
1347,HUWE1,P23,D08,1114
1348,NR1H3,P23,D09,1529
1349,PREB,P23,D10,1116
1350,ZKSCAN1,P23,D11,1627
1351,Pos,P23,E02,2587
1352,DYRK1B,P23,E03,1507
1353,TSFM,P23,E04,1242
1354,Ebf1,P23,E05,1304
1355,NR1H3,P23,E06,1902
1356,CBFA2T2,P23,E07,991
1357,ZKSCAN1,P23,E08,1192
1358,MSC,P23,E09,1171
1359,KLF11,P23,E10,1998
1360,LRRFIP1,P23,E11,1374
1361,neg,P23,F02,1582
1362,ZNF282,P23,F03,1304
1363,HIPK3,P23,F04,1080
1364,PQBP1,P23,F05,1201
1365,ZNF24,P23,F06,1014
1366,TEAD2,P23,F07,1554
1367,TSFM,P23,F08,1123
1368,neg,P23,F09,1351
1369,HUWE1,P23,F10,1072
1370,ZNF24,P23,F11,1276
1371,Pos,P23,G02,2650
1372,LRRFIP1,P23,G03,1133
1373,HUWE1,P23,G04,1442
1374,NR1H3,P23,G05,1635
1375,ZKSCAN1,P23,G06,1226
1376,PREB,P23,G07,1583
1377,Ebf1,P23,G08,1536
1378,MTA2,P23,G09,1188
1379,PQBP1,P23,G10,1789
1380,DYRK1B,P23,G11,1843
1381,neg,P24,B02,1527
1382,FEM1B,P24,B03,1373
1383,ZNF197,P24,B04,1884
1384,TRIP4,P24,B05,1671
1385,SMARCA5,P24,B06,1573
1386,TRIP11,P24,B07,2310
1387,THOC4,P24,B08,1236
1388,GAS7,P24,B09,1738
1389,Ebf1,P24,B10,1546
1390,TRIM28,P24,B11,1565
1391,Pos,P24,C02,3379
1392,ZBTB25,P24,C03,1639
1393,THOC4,P24,C04,1353
1394,TRIP11,P24,C05,1832
1395,TSHZ1,P24,C06,1110
1396,KLF4,P24,C07,1232
1397,FEM1B,P24,C08,1465
1398,ZBTB25,P24,C09,1283
1399,ZNHIT3,P24,C10,1195
1400,neg,P24,C11,1224
1401,neg,P24,D02,1955
1402,TSHZ1,P24,D03,1373
1403,SMARCA5,P24,D04,1182
1404,TOB1,P24,D05,1262
1405,neg,P24,D06,1327
1406,GAS7,P24,D07,1100
1407,COPS2,P24,D08,1179
1408,MED14,P24,D09,1228
1409,TRIP4,P24,D10,1280
1410,GTF3C5,P24,D11,1223
1411,Pos,P24,E02,2962
1412,KLF4,P24,E03,1616
1413,ZNF197,P24,E04,1332
1414,Ebf1,P24,E05,1714
1415,MED14,P24,E06,1202
1416,FEM1B,P24,E07,1033
1417,GTF3C5,P24,E08,1407
1418,SMARCA5,P24,E09,1564
1419,TSHZ1,P24,E10,1238
1420,TOB1,P24,E11,1965
1421,neg,P24,F02,1907
1422,THOC4,P24,F03,1611
1423,GAS7,P24,F04,1898
1424,TRIM28,P24,F05,1356
1425,ZNHIT3,P24,F06,1385
1426,ZBTB25,P24,F07,1041
1427,ZNF197,P24,F08,1302
1428,neg,P24,F09,1399
1429,COPS2,P24,F10,1416
1430,ZNHIT3,P24,F11,1505
1431,Pos,P24,G02,2616
1432,TOB1,P24,G03,1186
1433,COPS2,P24,G04,1656
1434,MED14,P24,G05,1579
1435,GTF3C5,P24,G06,1682
1436,TRIP4,P24,G07,1550
1437,Ebf1,P24,G08,1513
1438,TRIP11,P24,G09,1891
1439,TRIM28,P24,G10,1476
1440,KLF4,P24,G11,1917
1441,neg,P25,B02,1452
1442,CSDA,P25,B03,1131
1443,GTF3C3,P25,B04,1328
1444,CNOT8,P25,B05,1436
1445,MED21,P25,B06,1305
1446,BHLHE40,P25,B07,1534
1447,SNAPC5,P25,B08,1507
1448,HMG20B,P25,B09,1030
1449,Ebf1,P25,B10,1417
1450,BLZF1,P25,B11,1320
1451,Pos,P25,C02,2477
1452,TRIM22,P25,C03,1549
1453,SNAPC5,P25,C04,1271
1454,BHLHE40,P25,C05,1568
1455,ZRANB2,P25,C06,1098
1456,ZNF91,P25,C07,1276
1457,CSDA,P25,C08,1017
1458,TRIM22,P25,C09,1053
1459,SAP18,P25,C10,1246
1460,neg,P25,C11,1333
1461,neg,P25,D02,1246
1462,ZRANB2,P25,D03,1203
1463,MED21,P25,D04,1019
1464,PIR,P25,D05,1118
1465,neg,P25,D06,1021
1466,HMG20B,P25,D07,1006
1467,LMO4,P25,D08,884
1468,CBX4,P25,D09,884
1469,CNOT8,P25,D10,1113
1470,CIAO1,P25,D11,1682
1471,Pos,P25,E02,2515
1472,ZNF91,P25,E03,1542
1473,GTF3C3,P25,E04,1091
1474,Ebf1,P25,E05,1137
1475,CBX4,P25,E06,1041
1476,CSDA,P25,E07,1026
1477,CIAO1,P25,E08,1010
1478,MED21,P25,E09,1393
1479,ZRANB2,P25,E10,1254
1480,PIR,P25,E11,1703
1481,neg,P25,F02,1432
1482,SNAPC5,P25,F03,1310
1483,HMG20B,P25,F04,1185
1484,BLZF1,P25,F05,1077
1485,SAP18,P25,F06,1348
1486,TRIM22,P25,F07,927
1487,GTF3C3,P25,F08,1120
1488,neg,P25,F09,1159
1489,LMO4,P25,F10,926
1490,SAP18,P25,F11,1561
1491,Pos,P25,G02,2422
1492,PIR,P25,G03,1422
1493,LMO4,P25,G04,1095
1494,CBX4,P25,G05,883
1495,CIAO1,P25,G06,1469
1496,CNOT8,P25,G07,1352
1497,Ebf1,P25,G08,1576
1498,BHLHE40,P25,G09,1451
1499,BLZF1,P25,G10,1334
1500,ZNF91,P25,G11,1665
1501,neg,P26,B02,1351
1502,HMG20A,P26,B03,1328
1503,ZNF138,P26,B04,1124
1504,KLF7,P26,B05,1338
1505,MED23,P26,B06,1125
1506,RUVBL1,P26,B07,1171
1507,ZNF143,P26,B08,1080
1508,IRF9,P26,B09,1034
1509,Ebf1,P26,B10,1303
1510,STK16,P26,B11,1822
1511,Pos,P26,C02,2090
1512,CITED2,P26,C03,1325
1513,ZNF143,P26,C04,991
1514,RUVBL1,P26,C05,1116
1515,C19orf2,P26,C06,752
1516,KLF2,P26,C07,1493
1517,HMG20A,P26,C08,1200
1518,CITED2,P26,C09,976
1519,RFXANK,P26,C10,1227
1520,neg,P26,C11,1053
1521,neg,P26,D02,1096
1522,C19orf2,P26,D03,904
1523,MED23,P26,D04,1406
1524,CASK,P26,D05,958
1525,neg,P26,D06,1004
1526,IRF9,P26,D07,984
1527,PIAS1,P26,D08,823
1528,CDYL,P26,D09,957
1529,KLF7,P26,D10,1109
1530,EDF1,P26,D11,957
1531,Pos,P26,E02,2284
1532,KLF2,P26,E03,1396
1533,ZNF138,P26,E04,1009
1534,Ebf1,P26,E05,1237
1535,CDYL,P26,E06,916
1536,HMG20A,P26,E07,945
1537,EDF1,P26,E08,886
1538,MED23,P26,E09,1103
1539,C19orf2,P26,E10,1050
1540,CASK,P26,E11,1160
1541,neg,P26,F02,1044
1542,ZNF143,P26,F03,1415
1543,IRF9,P26,F04,1399
1544,STK16,P26,F05,1369
1545,RFXANK,P26,F06,950
1546,CITED2,P26,F07,1321
1547,ZNF138,P26,F08,1315
1548,neg,P26,F09,1081
1549,PIAS1,P26,F10,1061
1550,RFXANK,P26,F11,1230
1551,Pos,P26,G02,2428
1552,CASK,P26,G03,983
1553,PIAS1,P26,G04,970
1554,CDYL,P26,G05,1040
1555,EDF1,P26,G06,862
1556,KLF7,P26,G07,1346
1557,Ebf1,P26,G08,1285
1558,RUVBL1,P26,G09,1107
1559,STK16,P26,G10,1965
1560,KLF2,P26,G11,1513
1561,neg,P27,B02,1530
1562,MED17,P27,B03,1033
1563,MED20,P27,B04,1018
1564,SLC30A9,P27,B05,961
1565,NFAT5,P27,B06,1053
1566,RBM14,P27,B07,1098
1567,MGA,P27,B08,1231
1568,ADNP,P27,B09,1430
1569,Ebf1,P27,B10,1279
1570,PGRMC2,P27,B11,1121
1571,Pos,P27,C02,2612
1572,POLD3,P27,C03,1240
1573,MGA,P27,C04,944
1574,RBM14,P27,C05,1295
1575,SIN3B,P27,C06,647
1576,MED26,P27,C07,1283
1577,MED17,P27,C08,1288
1578,POLD3,P27,C09,1031
1579,KANK1,P27,C10,1309
1580,neg,P27,C11,1556
1581,neg,P27,D02,1098
1582,SIN3B,P27,D03,1084
1583,NFAT5,P27,D04,949
1584,YAP1,P27,D05,781
1585,neg,P27,D06,1021
1586,ADNP,P27,D07,983
1587,PIAS3,P27,D08,881
1588,BPNT1,P27,D09,1103
1589,SLC30A9,P27,D10,1080
1590,CTCF,P27,D11,1339
1591,Pos,P27,E02,2440
1592,MED26,P27,E03,1313
1593,MED20,P27,E04,984
1594,Ebf1,P27,E05,1359
1595,BPNT1,P27,E06,900
1596,MED17,P27,E07,939
1597,CTCF,P27,E08,1217
1598,NFAT5,P27,E09,1040
1599,SIN3B,P27,E10,1258
1600,YAP1,P27,E11,1051
1601,neg,P27,F02,1374
1602,MGA,P27,F03,1219
1603,ADNP,P27,F04,1086
1604,PGRMC2,P27,F05,1164
1605,KANK1,P27,F06,1189
1606,POLD3,P27,F07,1195
1607,MED20,P27,F08,934
1608,neg,P27,F09,1244
1609,PIAS3,P27,F10,1069
1610,KANK1,P27,F11,1275
1611,Pos,P27,G02,2477
1612,YAP1,P27,G03,1176
1613,PIAS3,P27,G04,1406
1614,BPNT1,P27,G05,795
1615,CTCF,P27,G06,1067
1616,SLC30A9,P27,G07,1395
1617,Ebf1,P27,G08,1431
1618,RBM14,P27,G09,1208
1619,PGRMC2,P27,G10,1394
1620,MED26,P27,G11,1302
1621,neg,P28,B02,1248
1622,SIRT1,P28,B03,1099
1623,GATAD2A,P28,B04,1128
1624,PYCARD,P28,B05,1032
1625,KDM5B,P28,B06,923
1626,MED4,P28,B07,1289
1627,ANKHD1,P28,B08,1245
1628,TARDBP,P28,B09,910
1629,Ebf1,P28,B10,1211
1630,KLF15,P28,B11,1196
1631,Pos,P28,C02,2594
1632,BRF2,P28,C03,1585
1633,ANKHD1,P28,C04,1256
1634,MED4,P28,C05,1230
1635,UBN1,P28,C06,1455
1636,PHTF1,P28,C07,1107
1637,SIRT1,P28,C08,1041
1638,BRF2,P28,C09,1411
1639,SAP30BP,P28,C10,889
1640,neg,P28,C11,1304
1641,neg,P28,D02,1128
1642,UBN1,P28,D03,1567
1643,KDM5B,P28,D04,1014
1644,MPHOSPH8,P28,D05,909
1645,neg,P28,D06,1040
1646,TARDBP,P28,D07,861
1647,HIPK2,P28,D08,1062
1648,ZFPM2,P28,D09,794
1649,PYCARD,P28,D10,840
1650,ANKZF1,P28,D11,1025
1651,Pos,P28,E02,2212
1652,PHTF1,P28,E03,1168
1653,GATAD2A,P28,E04,798
1654,Ebf1,P28,E05,1144
1655,ZFPM2,P28,E06,711
1656,SIRT1,P28,E07,1028
1657,ANKZF1,P28,E08,964
1658,KDM5B,P28,E09,1094
1659,UBN1,P28,E10,1446
1660,MPHOSPH8,P28,E11,1326
1661,neg,P28,F02,1438
1662,ANKHD1,P28,F03,1232
1663,TARDBP,P28,F04,1105
1664,KLF15,P28,F05,873
1665,SAP30BP,P28,F06,1293
1666,BRF2,P28,F07,1204
1667,GATAD2A,P28,F08,1078
1668,neg,P28,F09,1283
1669,HIPK2,P28,F10,1312
1670,SAP30BP,P28,F11,1188
1671,Pos,P28,G02,2191
1672,MPHOSPH8,P28,G03,954
1673,HIPK2,P28,G04,1423
1674,ZFPM2,P28,G05,947
1675,ANKZF1,P28,G06,954
1676,PYCARD,P28,G07,1105
1677,Ebf1,P28,G08,1269
1678,MED4,P28,G09,1069
1679,KLF15,P28,G10,1037
1680,PHTF1,P28,G11,1126
1681,neg,P29,B02,1202
1682,ZNF268,P29,B03,1080
1683,ZMYND8,P29,B04,1003
1684,CNOT7,P29,B05,1169
1685,CDKN2AIP,P29,B06,992
1686,TCERG1,P29,B07,1378
1687,HES6,P29,B08,1269
1688,ANKRD10,P29,B09,1182
1689,Ebf1,P29,B10,1335
1690,RBFOX2,P29,B11,1331
1691,Pos,P29,C02,2696
1692,LMCD1,P29,C03,839
1693,HES6,P29,C04,1587
1694,TCERG1,P29,C05,1594
1695,NRBF2,P29,C06,1225
1696,MYST4,P29,C07,1180
1697,ZNF268,P29,C08,1117
1698,LMCD1,P29,C09,1144
1699,SERTAD3,P29,C10,1365
1700,neg,P29,C11,1446
1701,neg,P29,D02,1195
1702,NRBF2,P29,D03,1057
1703,CDKN2AIP,P29,D04,1192
1704,PPARGC1A,P29,D05,1186
1705,neg,P29,D06,1130
1706,ANKRD10,P29,D07,1020
1707,RUVBL2,P29,D08,1045
1708,SRCAP,P29,D09,986
1709,CNOT7,P29,D10,1215
1710,LASS2,P29,D11,1447
1711,Pos,P29,E02,2724
1712,MYST4,P29,E03,1283
1713,ZMYND8,P29,E04,1067
1714,Ebf1,P29,E05,1216
1715,SRCAP,P29,E06,1008
1716,ZNF268,P29,E07,1083
1717,LASS2,P29,E08,969
1718,CDKN2AIP,P29,E09,1131
1719,NRBF2,P29,E10,1301
1720,PPARGC1A,P29,E11,1268
1721,neg,P29,F02,1480
1722,HES6,P29,F03,1101
1723,ANKRD10,P29,F04,1240
1724,RBFOX2,P29,F05,1059
1725,SERTAD3,P29,F06,1022
1726,LMCD1,P29,F07,875
1727,ZMYND8,P29,F08,812
1728,neg,P29,F09,1197
1729,RUVBL2,P29,F10,1248
1730,SERTAD3,P29,F11,982
1731,Pos,P29,G02,2444
1732,PPARGC1A,P29,G03,1203
1733,RUVBL2,P29,G04,1255
1734,SRCAP,P29,G05,894
1735,LASS2,P29,G06,1294
1736,CNOT7,P29,G07,1010
1737,Ebf1,P29,G08,1231
1738,TCERG1,P29,G09,1457
1739,RBFOX2,P29,G10,1284
1740,MYST4,P29,G11,1263
1741,neg,P30,B02,1723
1742,SSBP2,P30,B03,1168
1743,PRPF6,P30,B04,1219
1744,POLR3E,P30,B05,994
1745,CCRN4L,P30,B06,1088
1746,MAFF,P30,B07,1262
1747,ZNF83,P30,B08,986
1748,AHCTF1,P30,B09,1228
1749,Ebf1,P30,B10,1469
1750,EID1,P30,B11,1043
1751,Pos,P30,C02,2796
1752,CAND1,P30,C03,1283
1753,ZNF83,P30,C04,1161
1754,MAFF,P30,C05,1213
1755,TAX1BP3,P30,C06,1346
1756,NUP62,P30,C07,1431
1757,SSBP2,P30,C08,1165
1758,CAND1,P30,C09,1210
1759,ATF7IP,P30,C10,1033
1760,neg,P30,C11,1284
1761,neg,P30,D02,1215
1762,TAX1BP3,P30,D03,1292
1763,CCRN4L,P30,D04,1236
1764,ATF7,P30,D05,1081
1765,neg,P30,D06,923
1766,AHCTF1,P30,D07,829
1767,COPS5,P30,D08,1150
1768,SUB1,P30,D09,973
1769,POLR3E,P30,D10,903
1770,CXXC1,P30,D11,943
1771,Pos,P30,E02,2259
1772,NUP62,P30,E03,1444
1773,PRPF6,P30,E04,1201
1774,Ebf1,P30,E05,1376
1775,SUB1,P30,E06,851
1776,SSBP2,P30,E07,947
1777,CXXC1,P30,E08,1040
1778,CCRN4L,P30,E09,1086
1779,TAX1BP3,P30,E10,1193
1780,ATF7,P30,E11,1340
1781,neg,P30,F02,1563
1782,ZNF83,P30,F03,999
1783,AHCTF1,P30,F04,1519
1784,EID1,P30,F05,1221
1785,ATF7IP,P30,F06,979
1786,CAND1,P30,F07,1118
1787,PRPF6,P30,F08,1114
1788,neg,P30,F09,1179
1789,COPS5,P30,F10,1179
1790,ATF7IP,P30,F11,1007
1791,Pos,P30,G02,2089
1792,ATF7,P30,G03,1237
1793,COPS5,P30,G04,1068
1794,SUB1,P30,G05,986
1795,CXXC1,P30,G06,937
1796,POLR3E,P30,G07,845
1797,Ebf1,P30,G08,1070
1798,MAFF,P30,G09,1222
1799,EID1,P30,G10,1102
1800,NUP62,P30,G11,1176
1801,neg,P31,B02,1025
1802,BAZ2A,P31,B03,1272
1803,ASAP1,P31,B04,1138
1804,ASCC1,P31,B05,1391
1805,ZNF253,P31,B06,1156
1806,DDX20,P31,B07,1225
1807,MYNN,P31,B08,814
1808,PMF1,P31,B09,1191
1809,Ebf1,P31,B10,1274
1810,SUPT16H,P31,B11,1253
1811,Pos,P31,C02,2464
1812,TNNI3K,P31,C03,1236
1813,MYNN,P31,C04,677
1814,DDX20,P31,C05,979
1815,MLXIPL,P31,C06,1583
1816,ZNF277,P31,C07,951
1817,BAZ2A,P31,C08,1020
1818,TNNI3K,P31,C09,893
1819,ZNF593,P31,C10,1225
1820,neg,P31,C11,1030
1821,neg,P31,D02,1248
1822,MLXIPL,P31,D03,1679
1823,ZNF253,P31,D04,915
1824,SS18L1,P31,D05,1003
1825,neg,P31,D06,973
1826,PMF1,P31,D07,730
1827,KANK2,P31,D08,889
1828,WWTR1,P31,D09,1094
1829,ASCC1,P31,D10,1097
1830,ZBTB7B,P31,D11,1684
1831,Pos,P31,E02,2179
1832,ZNF277,P31,E03,1135
1833,ASAP1,P31,E04,1176
1834,Ebf1,P31,E05,1236
1835,WWTR1,P31,E06,1067
1836,BAZ2A,P31,E07,1067
1837,ZBTB7B,P31,E08,846
1838,ZNF253,P31,E09,890
1839,MLXIPL,P31,E10,1226
1840,SS18L1,P31,E11,1376
1841,neg,P31,F02,1338
1842,MYNN,P31,F03,888
1843,PMF1,P31,F04,1334
1844,SUPT16H,P31,F05,940
1845,ZNF593,P31,F06,975
1846,TNNI3K,P31,F07,1077
1847,ASAP1,P31,F08,831
1848,neg,P31,F09,1142
1849,KANK2,P31,F10,831
1850,ZNF593,P31,F11,973
1851,Pos,P31,G02,2458
1852,SS18L1,P31,G03,1500
1853,KANK2,P31,G04,1210
1854,WWTR1,P31,G05,1169
1855,ZBTB7B,P31,G06,1284
1856,ASCC1,P31,G07,1087
1857,Ebf1,P31,G08,1234
1858,DDX20,P31,G09,1137
1859,SUPT16H,P31,G10,1286
1860,ZNF277,P31,G11,1133
1861,neg,P32,B02,856
1862,ZHX1,P32,B03,909
1863,ZNF219,P32,B04,891
1864,SLC2A4RG,P32,B05,841
1865,ZBTB7,P32,B06,783
1866,REA,P32,B07,697
1867,SCAND1,P32,B08,640
1868,H-PLK,P32,B09,690
1869,Ebf1,P32,B10,766
1870,XAB1,P32,B11,728
1871,Pos,P32,C02,1138
1872,ARNTL2,P32,C03,883
1873,SCAND1,P32,C04,821
1874,REA,P32,C05,738
1875,SITPEC,P32,C06,661
1876,DKFZP564C186,P32,C07,717
1877,ZHX1,P32,C08,753
1878,ARNTL2,P32,C09,707
1879,KLF3,P32,C10,685
1880,neg,P32,C11,609
1881,neg,P32,D02,841
1882,SITPEC,P32,D03,826
1883,ZBTB7,P32,D04,854
1884,MYCBP,P32,D05,742
1885,neg,P32,D06,692
1886,H-PLK,P32,D07,671
1887,HSGT1,P32,D08,667
1888,EAP30,P32,D09,554
1889,SLC2A4RG,P32,D10,800
1890,FEM1C,P32,D11,630
1891,Pos,P32,E02,1215
1892,DKFZP564C186,P32,E03,921
1893,ZNF219,P32,E04,922
1894,Ebf1,P32,E05,943
1895,EAP30,P32,E06,750
1896,ZHX1,P32,E07,729
1897,FEM1C,P32,E08,802
1898,ZBTB7,P32,E09,846
1899,SITPEC,P32,E10,670
1900,MYCBP,P32,E11,675
1901,neg,P32,F02,791
1902,SCAND1,P32,F03,793
1903,H-PLK,P32,F04,742
1904,XAB1,P32,F05,736
1905,KLF3,P32,F06,682
1906,ARNTL2,P32,F07,614
1907,ZNF219,P32,F08,715
1908,neg,P32,F09,636
1909,HSGT1,P32,F10,589
1910,KLF3,P32,F11,596
1911,Pos,P32,G02,1256
1912,MYCBP,P32,G03,849
1913,HSGT1,P32,G04,814
1914,EAP30,P32,G05,675
1915,FEM1C,P32,G06,662
1916,SLC2A4RG,P32,G07,877
1917,Ebf1,P32,G08,854
1918,REA,P32,G09,647
1919,XAB1,P32,G10,735
1920,DKFZP564C186,P32,G11,718
1921,neg,P33,B02,666
1922,TRPV2,P33,B03,608
1923,FOXJ3,P33,B04,708
1924,MSRB,P33,B05,683
1925,TTRAP,P33,B06,807
1926,ZHX2,P33,B07,703
1927,KIAA1404,P33,B08,697
1928,PCQAP,P33,B09,680
1929,Ebf1,P33,B10,717
1930,HBP1,P33,B11,638
1931,Pos,P33,C02,928
1932,HDAC7A,P33,C03,718
1933,KIAA1404,P33,C04,633
1934,ZHX2,P33,C05,717
1935,PBXIP1,P33,C06,724
1936,AATF,P33,C07,636
1937,TRPV2,P33,C08,743
1938,HDAC7A,P33,C09,898
1939,XPMC2H,P33,C10,597
1940,neg,P33,C11,667
1941,neg,P33,D02,656
1942,PBXIP1,P33,D03,666
1943,TTRAP,P33,D04,803
1944,OSTF1,P33,D05,810
1945,neg,P33,D06,760
1946,PCQAP,P33,D07,768
1947,ATF5,P33,D08,741
1948,P8,P33,D09,708
1949,MSRB,P33,D10,676
1950,ANKFY1,P33,D11,650
1951,Pos,P33,E02,1016
1952,AATF,P33,E03,630
1953,FOXJ3,P33,E04,648
1954,Ebf1,P33,E05,835
1955,P8,P33,E06,826
1956,TRPV2,P33,E07,660
1957,ANKFY1,P33,E08,660
1958,TTRAP,P33,E09,695
1959,PBXIP1,P33,E10,660
1960,OSTF1,P33,E11,672
1961,neg,P33,F02,683
1962,KIAA1404,P33,F03,778
1963,PCQAP,P33,F04,727
1964,HBP1,P33,F05,635
1965,XPMC2H,P33,F06,596
1966,HDAC7A,P33,F07,714
1967,FOXJ3,P33,F08,662
1968,neg,P33,F09,748
1969,ATF5,P33,F10,748
1970,XPMC2H,P33,F11,523
1971,Pos,P33,G02,1072
1972,OSTF1,P33,G03,635
1973,ATF5,P33,G04,710
1974,P8,P33,G05,760
1975,ANKFY1,P33,G06,631
1976,MSRB,P33,G07,585
1977,Ebf1,P33,G08,760
1978,ZHX2,P33,G09,701
1979,HBP1,P33,G10,626
1980,AATF,P33,G11,610
1981,neg,P34,B02,694
1982,GATAD2B,P34,B03,635
1983,SIRT2,P34,B04,629
1984,ELL2,P34,B05,578
1985,TCF25,P34,B06,848
1986,SND1,P34,B07,608
1987,SNW1,P34,B08,574
1988,SPEN,P34,B09,589
1989,Ebf1,P34,B10,701
1990,ATF6,P34,B11,624
1991,Pos,P34,C02,925
1992,INVS,P34,C03,615
1993,SNW1,P34,C04,629
1994,SND1,P34,C05,650
1995,AFF4,P34,C06,651
1996,ARID1B,P34,C07,980
1997,GATAD2B,P34,C08,823
1998,INVS,P34,C09,676
1999,FOXP1,P34,C10,635
2000,neg,P34,C11,591
2001,neg,P34,D02,717
2002,AFF4,P34,D03,662
2003,TCF25,P34,D04,786
2004,MKL2,P34,D05,683
2005,neg,P34,D06,661
2006,SPEN,P34,D07,728
2007,TRIM33,P34,D08,707
2008,PIAS4,P34,D09,540
2009,ELL2,P34,D10,568
2010,TAF5L,P34,D11,630
2011,Pos,P34,E02,1019
2012,ARID1B,P34,E03,963
2013,SIRT2,P34,E04,722
2014,Ebf1,P34,E05,802
2015,PIAS4,P34,E06,678
2016,GATAD2B,P34,E07,678
2017,TAF5L,P34,E08,732
2018,TCF25,P34,E09,704
2019,AFF4,P34,E10,636
2020,MKL2,P34,E11,685
2021,neg,P34,F02,650
2022,SNW1,P34,F03,696
2023,SPEN,P34,F04,724
2024,ATF6,P34,F05,715
2025,FOXP1,P34,F06,626
2026,INVS,P34,F07,581
2027,SIRT2,P34,F08,756
2028,neg,P34,F09,668
2029,TRIM33,P34,F10,718
2030,FOXP1,P34,F11,588
2031,Pos,P34,G02,944
2032,MKL2,P34,G03,658
2033,TRIM33,P34,G04,725
2034,PIAS4,P34,G05,585
2035,TAF5L,P34,G06,662
2036,ELL2,P34,G07,589
2037,Ebf1,P34,G08,788
2038,SND1,P34,G09,584
2039,ATF6,P34,G10,604
2040,ARID1B,P34,G11,927
2041,neg,P35,B02,634
2042,HTATSF1,P35,B03,678
2043,HOMEZ,P35,B04,629
2044,SUFU,P35,B05,647
2045,RNF25,P35,B06,697
2046,MKL1,P35,B07,670
2047,CALCOCO1,P35,B08,604
2048,NSD1,P35,B09,731
2049,Ebf1,P35,B10,736
2050,ASB1,P35,B11,654
2051,Pos,P35,C02,978
2052,TFB2M,P35,C03,662
2053,CALCOCO1,P35,C04,731
2054,MKL1,P35,C05,633
2055,TRIB3,P35,C06,620
2056,TAF9B,P35,C07,590
2057,HTATSF1,P35,C08,659
2058,TFB2M,P35,C09,698
2059,POLR3K,P35,C10,652
2060,neg,P35,C11,596
2061,neg,P35,D02,672
2062,TRIB3,P35,D03,617
2063,RNF25,P35,D04,720
2064,ZNF398,P35,D05,668
2065,neg,P35,D06,712
2066,NSD1,P35,D07,833
2067,KLF13,P35,D08,804
2068,KIDINS220,P35,D09,604
2069,SUFU,P35,D10,590
2070,RSF1,P35,D11,550
2071,Pos,P35,E02,1090
2072,TAF9B,P35,E03,580
2073,HOMEZ,P35,E04,648
2074,Ebf1,P35,E05,878
2075,KIDINS220,P35,E06,656
2076,HTATSF1,P35,E07,625
2077,RSF1,P35,E08,642
2078,RNF25,P35,E09,719
2079,TRIB3,P35,E10,587
2080,ZNF398,P35,E11,618
2081,neg,P35,F02,657
2082,CALCOCO1,P35,F03,745
2083,NSD1,P35,F04,798
2084,ASB1,P35,F05,802
2085,POLR3K,P35,F06,595
2086,TFB2M,P35,F07,591
2087,HOMEZ,P35,F08,648
2088,neg,P35,F09,615
2089,KLF13,P35,F10,694
2090,POLR3K,P35,F11,591
2091,Pos,P35,G02,947
2092,ZNF398,P35,G03,529
2093,KLF13,P35,G04,703
2094,KIDINS220,P35,G05,560
2095,RSF1,P35,G06,595
2096,SUFU,P35,G07,591
2097,Ebf1,P35,G08,734
2098,MKL1,P35,G09,718
2099,ASB1,P35,G10,675
2100,TAF9B,P35,G11,530
2101,neg,P36,B02,631
2102,EAF1,P36,B03,592
2103,LASS5,P36,B04,615
2104,IRX1,P36,B05,571
2105,AEBP1,P36,B06,650
2106,CREB3L1,P36,B07,669
2107,CHURC1,P36,B08,645
2108,AES,P36,B09,607
2109,Ebf1,P36,B10,838
2110,DDX54,P36,B11,633
2111,Pos,P36,C02,900
2112,ANKRD46,P36,C03,672
2113,CHURC1,P36,C04,634
2114,CREB3L1,P36,C05,742
2115,ABL1,P36,C06,702
2116,GPBP1,P36,C07,642
2117,EAF1,P36,C08,673
2118,ANKRD46,P36,C09,677
2119,BHLHE41,P36,C10,730
2120,neg,P36,C11,598
2121,neg,P36,D02,702
2122,ABL1,P36,D03,727
2123,AEBP1,P36,D04,709
2124,MED30,P36,D05,554
2125,neg,P36,D06,732
2126,AES,P36,D07,625
2127,ANKRD57,P36,D08,736
2128,NFKBIZ,P36,D09,618
2129,IRX1,P36,D10,558
2130,HMGN5,P36,D11,773
2131,Pos,P36,E02,1193
2132,GPBP1,P36,E03,631
2133,LASS5,P36,E04,667
2134,Ebf1,P36,E05,768
2135,NFKBIZ,P36,E06,721
2136,EAF1,P36,E07,714
2137,HMGN5,P36,E08,770
2138,AEBP1,P36,E09,709
2139,ABL1,P36,E10,671
2140,MED30,P36,E11,596
2141,neg,P36,F02,657
2142,CHURC1,P36,F03,753
2143,AES,P36,F04,720
2144,DDX54,P36,F05,661
2145,BHLHE41,P36,F06,795
2146,ANKRD46,P36,F07,651
2147,LASS5,P36,F08,588
2148,neg,P36,F09,625
2149,ANKRD57,P36,F10,698
2150,BHLHE41,P36,F11,785
2151,Pos,P36,G02,963
2152,MED30,P36,G03,583
2153,ANKRD57,P36,G04,701
2154,NFKBIZ,P36,G05,636
2155,HMGN5,P36,G06,682
2156,IRX1,P36,G07,657
2157,Ebf1,P36,G08,795
2158,CREB3L1,P36,G09,678
2159,DDX54,P36,G10,633
2160,GPBP1,P36,G11,600
2161,neg,P37,B02,713
2162,AHR,P37,B03,698
2163,DNTTIP1,P37,B04,672
2164,FOXP4,P37,B05,793
2165,DAXX,P37,B06,715
2166,TGS1,P37,B07,856
2167,CTBP1,P37,B08,641
2168,PTGES2,P37,B09,731
2169,Ebf1,P37,B10,798
2170,HMBOX1,P37,B11,643
2171,Pos,P37,C02,1068
2172,CUX1,P37,C03,574
2173,CTBP1,P37,C04,683
2174,TGS1,P37,C05,882
2175,CTNNB1,P37,C06,674
2176,APEX1,P37,C07,706
2177,AHR,P37,C08,672
2178,CUX1,P37,C09,658
2179,GLIS3,P37,C10,636
2180,neg,P37,C11,548
2181,neg,P37,D02,708
2182,CTNNB1,P37,D03,574
2183,DAXX,P37,D04,678
2184,LASS4,P37,D05,666
2185,neg,P37,D06,695
2186,PTGES2,P37,D07,778
2187,AR,P37,D08,750
2188,CITED4,P37,D09,697
2189,FOXP4,P37,D10,682
2190,ZNF384,P37,D11,675
2191,Pos,P37,E02,1068
2192,APEX1,P37,E03,688
2193,DNTTIP1,P37,E04,702
2194,Ebf1,P37,E05,794
2195,CITED4,P37,E06,699
2196,AHR,P37,E07,660
2197,ZNF384,P37,E08,800
2198,DAXX,P37,E09,696
2199,CTNNB1,P37,E10,569
2200,LASS4,P37,E11,582
2201,neg,P37,F02,689
2202,CTBP1,P37,F03,658
2203,PTGES2,P37,F04,807
2204,HMBOX1,P37,F05,613
2205,GLIS3,P37,F06,620
2206,CUX1,P37,F07,652
2207,DNTTIP1,P37,F08,687
2208,neg,P37,F09,612
2209,AR,P37,F10,677
2210,GLIS3,P37,F11,641
2211,Pos,P37,G02,952
2212,LASS4,P37,G03,527
2213,AR,P37,G04,647
2214,CITED4,P37,G05,656
2215,ZNF384,P37,G06,699
2216,FOXP4,P37,G07,762
2217,Ebf1,P37,G08,769
2218,TGS1,P37,G09,817
2219,HMBOX1,P37,G10,552
2220,APEX1,P37,G11,703
2221,neg,P38,B02,694
2222,NAA15,P38,B03,1173
2223,HIPK1,P38,B04,790
2224,HMGA1,P38,B05,770
2225,APOL6,P38,B06,740
2226,HMGN1,P38,B07,920
2227,JAZF1,P38,B08,722
2228,CLPB,P38,B09,817
2229,Ebf1,P38,B10,958
2230,PUS1,P38,B11,792
2231,Pos,P38,C02,1376
2232,ZFP91,P38,C03,677
2233,JAZF1,P38,C04,723
2234,HMGN1,P38,C05,891
2235,JDP2,P38,C06,678
2236,TWIST2,P38,C07,846
2237,NAA15,P38,C08,1250
2238,ZFP91,P38,C09,742
2239,ZNF498,P38,C10,703
2240,neg,P38,C11,605
2241,neg,P38,D02,667
2242,JDP2,P38,D03,826
2243,APOL6,P38,D04,725
2244,AEBP2,P38,D05,565
2245,neg,P38,D06,666
2246,CLPB,P38,D07,923
2247,EPC1,P38,D08,872
2248,AGAP3,P38,D09,745
2249,HMGA1,P38,D10,737
2250,FOXK1,P38,D11,723
2251,Pos,P38,E02,1171
2252,TWIST2,P38,E03,727
2253,HIPK1,P38,E04,723
2254,Ebf1,P38,E05,885
2255,AGAP3,P38,E06,791
2256,NAA15,P38,E07,1239
2257,FOXK1,P38,E08,816
2258,APOL6,P38,E09,774
2259,JDP2,P38,E10,732
2260,AEBP2,P38,E11,563
2261,neg,P38,F02,684
2262,JAZF1,P38,F03,728
2263,CLPB,P38,F04,745
2264,PUS1,P38,F05,780
2265,ZNF498,P38,F06,709
2266,ZFP91,P38,F07,695
2267,HIPK1,P38,F08,687
2268,neg,P38,F09,599
2269,EPC1,P38,F10,815
2270,ZNF498,P38,F11,753
2271,Pos,P38,G02,1091
2272,AEBP2,P38,G03,609
2273,EPC1,P38,G04,824
2274,AGAP3,P38,G05,678
2275,FOXK1,P38,G06,746
2276,HMGA1,P38,G07,745
2277,Ebf1,P38,G08,821
2278,HMGN1,P38,G09,877
2279,PUS1,P38,G10,720
2280,TWIST2,P38,G11,719
2281,neg,P39,B02,642
2282,ANKRD54,P39,B03,795
2283,JUN,P39,B04,728
2284,JUNB,P39,B05,808
2285,ANKRD52,P39,B06,663
2286,JARID2,P39,B07,727
2287,PPARGC1B,P39,B08,685
2288,LRCH4,P39,B09,795
2289,Ebf1,P39,B10,792
2290,IRF7,P39,B11,583
2291,Pos,P39,C02,909
2292,KLF16,P39,C03,666
2293,PPARGC1B,P39,C04,681
2294,JARID2,P39,C05,638
2295,MTPN,P39,C06,740
2296,TAF8,P39,C07,646
2297,ANKRD54,P39,C08,706
2298,KLF16,P39,C09,710
2299,JUND,P39,C10,666
2300,neg,P39,C11,657
2301,neg,P39,D02,641
2302,MTPN,P39,D03,746
2303,ANKRD52,P39,D04,706
2304,ZBTB38,P39,D05,758
2305,neg,P39,D06,676
2306,LRCH4,P39,D07,759
2307,TCF7L1,P39,D08,576
2308,TSC22D4,P39,D09,561
2309,JUNB,P39,D10,711
2310,ZMIZ2,P39,D11,682
2311,Pos,P39,E02,951
2312,TAF8,P39,E03,686
2313,JUN,P39,E04,715
2314,Ebf1,P39,E05,896
2315,TSC22D4,P39,E06,718
2316,ANKRD54,P39,E07,711
2317,ZMIZ2,P39,E08,900
2318,ANKRD52,P39,E09,640
2319,MTPN,P39,E10,760
2320,ZBTB38,P39,E11,669
2321,neg,P39,F02,645
2322,PPARGC1B,P39,F03,646
2323,LRCH4,P39,F04,834
2324,IRF7,P39,F05,711
2325,JUND,P39,F06,758
2326,KLF16,P39,F07,630
2327,JUN,P39,F08,720
2328,neg,P39,F09,718
2329,TCF7L1,P39,F10,695
2330,JUND,P39,F11,680
2331,Pos,P39,G02,946
2332,ZBTB38,P39,G03,641
2333,TCF7L1,P39,G04,604
2334,TSC22D4,P39,G05,595
2335,ZMIZ2,P39,G06,780
2336,JUNB,P39,G07,748
2337,Ebf1,P39,G08,851
2338,JARID2,P39,G09,578
2339,IRF7,P39,G10,638
2340,TAF8,P39,G11,623
2341,neg,P40,B02,670
2342,PTRF,P40,B03,737
2343,SMAD4,P40,B04,736
2344,SMAD5,P40,B05,545
2345,MRI1,P40,B06,698
2346,SMAD3,P40,B07,605
2347,PCGF6,P40,B08,654
2348,ZNF397,P40,B09,681
2349,Ebf1,P40,B10,783
2350,STON1-GTF2A1L,P40,B11,620
2351,Pos,P40,C02,1081
2352,ASB8,P40,C03,839
2353,PCGF6,P40,C04,662
2354,SMAD3,P40,C05,761
2355,ARID5B,P40,C06,847
2356,ZNF326,P40,C07,566
2357,PTRF,P40,C08,804
2358,ASB8,P40,C09,763
2359,FAM172A,P40,C10,600
2360,neg,P40,C11,624
2361,neg,P40,D02,700
2362,ARID5B,P40,D03,762
2363,MRI1,P40,D04,680
2364,SMAD2,P40,D05,721
2365,neg,P40,D06,644
2366,ZNF397,P40,D07,698
2367,SMAD1,P40,D08,571
2368,MXD1,P40,D09,631
2369,SMAD5,P40,D10,464
2370,ZNF394,P40,D11,634
2371,Pos,P40,E02,1153
2372,ZNF326,P40,E03,618
2373,SMAD4,P40,E04,833
2374,Ebf1,P40,E05,799
2375,MXD1,P40,E06,736
2376,PTRF,P40,E07,710
2377,ZNF394,P40,E08,718
2378,MRI1,P40,E09,697
2379,ARID5B,P40,E10,834
2380,SMAD2,P40,E11,700
2381,neg,P40,F02,666
2382,PCGF6,P40,F03,633
2383,ZNF397,P40,F04,721
2384,STON1-GTF2A1L,P40,F05,617
2385,FAM172A,P40,F06,606
2386,ASB8,P40,F07,750
2387,SMAD4,P40,F08,784
2388,neg,P40,F09,645
2389,SMAD1,P40,F10,521
2390,FAM172A,P40,F11,564
2391,Pos,P40,G02,1046
2392,SMAD2,P40,G03,665
2393,SMAD1,P40,G04,511
2394,MXD1,P40,G05,668
2395,ZNF394,P40,G06,660
2396,SMAD5,P40,G07,548
2397,Ebf1,P40,G08,781
2398,SMAD3,P40,G09,682
2399,STON1-GTF2A1L,P40,G10,604
2400,ZNF326,P40,G11,565
2401,neg,P41,B02,669
2402,MAML2,P41,B03,650
2403,SOX9,P41,B04,749
2404,NR2F2,P41,B05,621
2405,SP2,P41,B06,647
2406,NFYC,P41,B07,926
2407,SOX12,P41,B08,692
2408,SP3,P41,B09,723
2409,Ebf1,P41,B10,711
2410,NFYA,P41,B11,687
2411,Pos,P41,C02,1083
2412,TFE3,P41,C03,633
2413,SOX12,P41,C04,837
2414,NFYC,P41,C05,888
2415,SP1,P41,C06,974
2416,MYPOP,P41,C07,702
2417,MAML2,P41,C08,649
2418,TFE3,P41,C09,712
2419,TFDP1,P41,C10,646
2420,neg,P41,C11,606
2421,neg,P41,D02,628
2422,SP1,P41,D03,765
2423,SP2,P41,D04,658
2424,NFX1,P41,D05,593
2425,neg,P41,D06,724
2426,SP3,P41,D07,760
2427,NFKBIL1,P41,D08,750
2428,NFKBIE,P41,D09,715
2429,NR2F2,P41,D10,629
2430,TFDP2,P41,D11,581
2431,Pos,P41,E02,951
2432,MYPOP,P41,E03,678
2433,SOX9,P41,E04,825
2434,Ebf1,P41,E05,820
2435,NFKBIE,P41,E06,853
2436,MAML2,P41,E07,616
2437,TFDP2,P41,E08,639
2438,SP2,P41,E09,626
2439,SP1,P41,E10,794
2440,NFX1,P41,E11,551
2441,neg,P41,F02,605
2442,SOX12,P41,F03,745
2443,SP3,P41,F04,854
2444,NFYA,P41,F05,653
2445,TFDP1,P41,F06,631
2446,TFE3,P41,F07,545
2447,SOX9,P41,F08,788
2448,neg,P41,F09,682
2449,NFKBIL1,P41,F10,730
2450,TFDP1,P41,F11,727
2451,Pos,P41,G02,990
2452,NFX1,P41,G03,577
2453,NFKBIL1,P41,G04,738
2454,NFKBIE,P41,G05,746
2455,TFDP2,P41,G06,625
2456,NR2F2,P41,G07,636
2457,Ebf1,P41,G08,732
2458,NFYC,P41,G09,796
2459,NFYA,P41,G10,697
2460,MYPOP,P41,G11,678
2461,neg,P42,B02,673
2462,THRA,P42,B03,613
2463,ZBTB17,P42,B04,643
2464,TMF1,P42,B05,799
2465,TADA3,P42,B06,733
2466,TLE1,P42,B07,680
2467,TP53,P42,B08,753
2468,LITAF,P42,B09,728
2469,Ebf1,P42,B10,798
2470,TRIM25,P42,B11,689
2471,Pos,P42,C02,1081
2472,MAGED1,P42,C03,717
2473,TP53,P42,C04,765
2474,TLE1,P42,C05,712
2475,ZNF174,P42,C06,702
2476,THRB,P42,C07,682
2477,THRA,P42,C08,636
2478,MAGED1,P42,C09,756
2479,VEZF1,P42,C10,716
2480,neg,P42,C11,585
2481,neg,P42,D02,664
2482,ZNF174,P42,D03,729
2483,TADA3,P42,D04,696
2484,TIAL1,P42,D05,615
2485,neg,P42,D06,592
2486,LITAF,P42,D07,696
2487,KLF10,P42,D08,757
2488,SPI1,P42,D09,680
2489,TMF1,P42,D10,699
2490,TP53BP1,P42,D11,762
2491,Pos,P42,E02,1119
2492,THRB,P42,E03,691
2493,ZBTB17,P42,E04,736
2494,Ebf1,P42,E05,826
2495,SPI1,P42,E06,735
2496,THRA,P42,E07,634
2497,TP53BP1,P42,E08,682
2498,TADA3,P42,E09,735
2499,ZNF174,P42,E10,684
2500,TIAL1,P42,E11,592
2501,neg,P42,F02,639
2502,TP53,P42,F03,749
2503,LITAF,P42,F04,658
2504,TRIM25,P42,F05,678
2505,VEZF1,P42,F06,693
2506,MAGED1,P42,F07,611
2507,ZBTB17,P42,F08,710
2508,neg,P42,F09,583
2509,KLF10,P42,F10,567
2510,VEZF1,P42,F11,587
2511,Pos,P42,G02,1007
2512,TIAL1,P42,G03,589
2513,KLF10,P42,G04,638
2514,SPI1,P42,G05,634
2515,TP53BP1,P42,G06,631
2516,TMF1,P42,G07,751
2517,Ebf1,P42,G08,733
2518,TLE1,P42,G09,641
2519,TRIM25,P42,G10,673
2520,THRB,P42,G11,698
2521,neg,P43,B02,713
2522,TBPL1,P43,B03,659
2523,SOX13,P43,B04,743
2524,DEAF1,P43,B05,749
2525,HEXIM1,P43,B06,715
2526,MYBBP1A,P43,B07,616
2527,HTATIP2,P43,B08,629
2528,RBCK1,P43,B09,657
2529,Ebf1,P43,B10,828
2530,NR1D1,P43,B11,555
2531,Pos,P43,C02,951
2532,MXD4,P43,C03,638
2533,HTATIP2,P43,C04,647
2534,MYBBP1A,P43,C05,739
2535,DRAP1,P43,C06,673
2536,CIR1,P43,C07,647
2537,TBPL1,P43,C08,688
2538,MXD4,P43,C09,680
2539,RBM39,P43,C10,769
2540,neg,P43,C11,625
2541,neg,P43,D02,658
2542,DRAP1,P43,D03,631
2543,HEXIM1,P43,D04,615
2544,NCOA2,P43,D05,620
2545,neg,P43,D06,681
2546,RBCK1,P43,D07,731
2547,CARM1,P43,D08,632
2548,CREB3,P43,D09,648
2549,DEAF1,P43,D10,691
2550,ZHX3,P43,D11,692
2551,Pos,P43,E02,1055
2552,CIR1,P43,E03,711
2553,SOX13,P43,E04,881
2554,Ebf1,P43,E05,791
2555,CREB3,P43,E06,689
2556,TBPL1,P43,E07,792
2557,ZHX3,P43,E08,755
2558,HEXIM1,P43,E09,652
2559,DRAP1,P43,E10,630
2560,NCOA2,P43,E11,589
2561,neg,P43,F02,638
2562,HTATIP2,P43,F03,649
2563,RBCK1,P43,F04,714
2564,NR1D1,P43,F05,633
2565,RBM39,P43,F06,720
2566,MXD4,P43,F07,556
2567,SOX13,P43,F08,750
2568,neg,P43,F09,654
2569,CARM1,P43,F10,568
2570,RBM39,P43,F11,712
2571,Pos,P43,G02,960
2572,NCOA2,P43,G03,620
2573,CARM1,P43,G04,592
2574,CREB3,P43,G05,661
2575,ZHX3,P43,G06,713
2576,DEAF1,P43,G07,691
2577,Ebf1,P43,G08,741
2578,MYBBP1A,P43,G09,583
2579,NR1D1,P43,G10,553
2580,CIR1,P43,G11,680
2581,neg,P44,B02,636
2582,ANKLE2,P44,B03,683
2583,MLL3,P44,B04,691
2584,ANKIB1,P44,B05,663
2585,NA,P44,B06,785
2586,CREBZF,P44,B07,624
2587,MMS19,P44,B08,672
2588,NA,P44,B09,736
2589,Ebf1,P44,B10,772
2590,BRWD1,P44,B11,678
2591,Pos,P44,C02,1103
2592,NA,P44,C03,729
2593,MMS19,P44,C04,766
2594,CREBZF,P44,C05,715
2595,NA,P44,C06,853
2596,KHDRBS1,P44,C07,692
2597,ANKLE2,P44,C08,771
2598,NA,P44,C09,787
2599,GLIS2,P44,C10,753
2600,neg,P44,C11,714
2601,neg,P44,D02,606
2602,NA,P44,D03,739
2603,NA,P44,D04,749
2604,ANKRA2,P44,D05,668
2605,neg,P44,D06,694
2606,NA,P44,D07,736
2607,RCOR1,P44,D08,668
2608,DIP2A,P44,D09,704
2609,ANKIB1,P44,D10,640
2610,PHF5A,P44,D11,669
2611,Pos,P44,E02,1183
2612,KHDRBS1,P44,E03,734
2613,MLL3,P44,E04,687
2614,Ebf1,P44,E05,838
2615,DIP2A,P44,E06,764
2616,ANKLE2,P44,E07,597
2617,PHF5A,P44,E08,641
2618,NA,P44,E09,781
2619,NA,P44,E10,775
2620,ANKRA2,P44,E11,704
2621,neg,P44,F02,627
2622,MMS19,P44,F03,650
2623,NA,P44,F04,782
2624,BRWD1,P44,F05,604
2625,GLIS2,P44,F06,753
2626,NA,P44,F07,687
2627,MLL3,P44,F08,747
2628,neg,P44,F09,718
2629,RCOR1,P44,F10,630
2630,GLIS2,P44,F11,673
2631,Pos,P44,G02,1037
2632,ANKRA2,P44,G03,650
2633,RCOR1,P44,G04,667
2634,DIP2A,P44,G05,621
2635,PHF5A,P44,G06,625
2636,ANKIB1,P44,G07,611
2637,Ebf1,P44,G08,864
2638,CREBZF,P44,G09,616
2639,BRWD1,P44,G10,612
2640,KHDRBS1,P44,G11,681
